[{"model": "contenttypes.contenttype", "pk": 1, "fields": {"app_label": "admin", "model": "logentry"}}, {"model": "contenttypes.contenttype", "pk": 2, "fields": {"app_label": "auth", "model": "permission"}}, {"model": "contenttypes.contenttype", "pk": 3, "fields": {"app_label": "auth", "model": "group"}}, {"model": "contenttypes.contenttype", "pk": 4, "fields": {"app_label": "auth", "model": "user"}}, {"model": "contenttypes.contenttype", "pk": 5, "fields": {"app_label": "contenttypes", "model": "contenttype"}}, {"model": "contenttypes.contenttype", "pk": 6, "fields": {"app_label": "sessions", "model": "session"}}, {"model": "contenttypes.contenttype", "pk": 7, "fields": {"app_label": "app_goods", "model": "cart"}}, {"model": "contenttypes.contenttype", "pk": 8, "fields": {"app_label": "app_goods", "model": "brand"}}, {"model": "contenttypes.contenttype", "pk": 9, "fields": {"app_label": "app_goods", "model": "category"}}, {"model": "contenttypes.contenttype", "pk": 10, "fields": {"app_label": "app_goods", "model": "product"}}, {"model": "contenttypes.contenttype", "pk": 11, "fields": {"app_label": "app_goods", "model": "cartitem"}}, {"model": "contenttypes.contenttype", "pk": 12, "fields": {"app_label": "app_orders", "model": "orderitem"}}, {"model": "contenttypes.contenttype", "pk": 13, "fields": {"app_label": "app_orders", "model": "order"}}, {"model": "contenttypes.contenttype", "pk": 14, "fields": {"app_label": "app_goods", "model": "accessory"}}, {"model": "sessions.session", "pk": "2nq734f531biac0vd5y8hzdl8b2608a6", "fields": {"session_data": "ZDY1YzNmOWIzYTU3ZDNmMzJjYjI0ZjlmY2Y5ZjQ2YTQyZGYyOWUyYzp7Il9hdXRoX3VzZXJfaWQiOiIxIiwiX2F1dGhfdXNlcl9iYWNrZW5kIjoiZGphbmdvLmNvbnRyaWIuYXV0aC5iYWNrZW5kcy5Nb2RlbEJhY2tlbmQiLCJfYXV0aF91c2VyX2hhc2giOiJmYzUxNTE0NjM3YTkzNzMxNzdjOTAwYWRhMjFhY2Y1YTI5Y2RkZjE3In0=", "expire_date": "2020-06-25T21:41:28.173Z"}}, {"model": "sessions.session", "pk": "49ygptyee6ojyqyygzcprzciipinor62", "fields": {"session_data": "ZDY1YzNmOWIzYTU3ZDNmMzJjYjI0ZjlmY2Y5ZjQ2YTQyZGYyOWUyYzp7Il9hdXRoX3VzZXJfaWQiOiIxIiwiX2F1dGhfdXNlcl9iYWNrZW5kIjoiZGphbmdvLmNvbnRyaWIuYXV0aC5iYWNrZW5kcy5Nb2RlbEJhY2tlbmQiLCJfYXV0aF91c2VyX2hhc2giOiJmYzUxNTE0NjM3YTkzNzMxNzdjOTAwYWRhMjFhY2Y1YTI5Y2RkZjE3In0=", "expire_date": "2020-06-09T13:06:39.382Z"}}, {"model": "sessions.session", "pk": "4zff5sst4hq617g1qn05x7wlo9rv0ole", "fields": {"session_data": "YmRjNDY1MmUwZWZhOTE5OWY2ZDExZDE2ZDFjYjVjNGU1OTYzYTQ0Mjp7fQ==", "expire_date": "2020-06-17T20:07:38.284Z"}}, {"model": "sessions.session", "pk": "56lpcglv1gjsqnohsje71z9jwekwd26e", "fields": {"session_data": "MmZmZTMyY2NiMTQxMGVmNmZkMTM5NTFjZGE0NDJhN2Q1ZDUwNzQ1ZDp7Il9hdXRoX3VzZXJfaWQiOiIxIiwiX2F1dGhfdXNlcl9iYWNrZW5kIjoiZGphbmdvLmNvbnRyaWIuYXV0aC5iYWNrZW5kcy5Nb2RlbEJhY2tlbmQiLCJfYXV0aF91c2VyX2hhc2giOiI1MDkyOTY3YjkyYzEwNzk3YmZhMjFmMmRlZWQ2YTJhN2E5MmJkZjUxIn0=", "expire_date": "2020-04-24T20:28:02.377Z"}}, {"model": "sessions.session", "pk": "5wk85rsi3i80fuoo4vebc42modu3rgwg", "fields": {"session_data": "ZDY1YzNmOWIzYTU3ZDNmMzJjYjI0ZjlmY2Y5ZjQ2YTQyZGYyOWUyYzp7Il9hdXRoX3VzZXJfaWQiOiIxIiwiX2F1dGhfdXNlcl9iYWNrZW5kIjoiZGphbmdvLmNvbnRyaWIuYXV0aC5iYWNrZW5kcy5Nb2RlbEJhY2tlbmQiLCJfYXV0aF91c2VyX2hhc2giOiJmYzUxNTE0NjM3YTkzNzMxNzdjOTAwYWRhMjFhY2Y1YTI5Y2RkZjE3In0=", "expire_date": "2020-05-05T23:19:35.185Z"}}, {"model": "sessions.session", "pk": "7mncbnyq4qnnxzgj9varj1ryzt8e2jyb", "fields": {"session_data": "ZDY1YzNmOWIzYTU3ZDNmMzJjYjI0ZjlmY2Y5ZjQ2YTQyZGYyOWUyYzp7Il9hdXRoX3VzZXJfaWQiOiIxIiwiX2F1dGhfdXNlcl9iYWNrZW5kIjoiZGphbmdvLmNvbnRyaWIuYXV0aC5iYWNrZW5kcy5Nb2RlbEJhY2tlbmQiLCJfYXV0aF91c2VyX2hhc2giOiJmYzUxNTE0NjM3YTkzNzMxNzdjOTAwYWRhMjFhY2Y1YTI5Y2RkZjE3In0=", "expire_date": "2020-06-07T00:38:30.727Z"}}, {"model": "sessions.session", "pk": "emw4y28pgzfe24u3lk56c5tg7hbh5ity", "fields": {"session_data": "YmRjNDY1MmUwZWZhOTE5OWY2ZDExZDE2ZDFjYjVjNGU1OTYzYTQ0Mjp7fQ==", "expire_date": "2020-06-07T00:13:06.903Z"}}, {"model": "sessions.session", "pk": "eonoaimugg8vso9jbyg11hifsmu8e8j6", "fields": {"session_data": "MzdmNzkyMjBiNTA2MGRmYjY3OWYzZjk5ZTExNGFhY2Q5MDRjNGZhZDp7Il9hdXRoX3VzZXJfaWQiOiIxIiwiX2F1dGhfdXNlcl9iYWNrZW5kIjoiZGphbmdvLmNvbnRyaWIuYXV0aC5iYWNrZW5kcy5Nb2RlbEJhY2tlbmQiLCJfYXV0aF91c2VyX2hhc2giOiI2YjFkZDZmZWRmYjJkNzhkYjc5MGNjOWNkNmU1ZDQ0NGQzZmY0OWZjIn0=", "expire_date": "2020-04-18T13:46:49.256Z"}}, {"model": "sessions.session", "pk": "f62modgbuqr1xsqrysm2zk3xjc4c7zrn", "fields": {"session_data": "YmRjNDY1MmUwZWZhOTE5OWY2ZDExZDE2ZDFjYjVjNGU1OTYzYTQ0Mjp7fQ==", "expire_date": "2020-06-07T00:16:06.152Z"}}, {"model": "sessions.session", "pk": "hvyr4fvseerzb16adqzgelpoijl87vi2", "fields": {"session_data": "YmRjNDY1MmUwZWZhOTE5OWY2ZDExZDE2ZDFjYjVjNGU1OTYzYTQ0Mjp7fQ==", "expire_date": "2020-06-18T06:40:05.624Z"}}, {"model": "sessions.session", "pk": "hy03kia0ay1r0q1q1zc19wx61x8djrgl", "fields": {"session_data": "MmZmZTMyY2NiMTQxMGVmNmZkMTM5NTFjZGE0NDJhN2Q1ZDUwNzQ1ZDp7Il9hdXRoX3VzZXJfaWQiOiIxIiwiX2F1dGhfdXNlcl9iYWNrZW5kIjoiZGphbmdvLmNvbnRyaWIuYXV0aC5iYWNrZW5kcy5Nb2RlbEJhY2tlbmQiLCJfYXV0aF91c2VyX2hhc2giOiI1MDkyOTY3YjkyYzEwNzk3YmZhMjFmMmRlZWQ2YTJhN2E5MmJkZjUxIn0=", "expire_date": "2020-04-24T22:37:33.178Z"}}, {"model": "sessions.session", "pk": "j9n3r6v1h1nm2trtlve45f795rq36nkc", "fields": {"session_data": "MzdmNzkyMjBiNTA2MGRmYjY3OWYzZjk5ZTExNGFhY2Q5MDRjNGZhZDp7Il9hdXRoX3VzZXJfaWQiOiIxIiwiX2F1dGhfdXNlcl9iYWNrZW5kIjoiZGphbmdvLmNvbnRyaWIuYXV0aC5iYWNrZW5kcy5Nb2RlbEJhY2tlbmQiLCJfYXV0aF91c2VyX2hhc2giOiI2YjFkZDZmZWRmYjJkNzhkYjc5MGNjOWNkNmU1ZDQ0NGQzZmY0OWZjIn0=", "expire_date": "2020-04-18T12:38:09.358Z"}}, {"model": "sessions.session", "pk": "kh9xhscofeh26wjql5d2eolqfd5nliyp", "fields": {"session_data": "YmRjNDY1MmUwZWZhOTE5OWY2ZDExZDE2ZDFjYjVjNGU1OTYzYTQ0Mjp7fQ==", "expire_date": "2020-06-07T12:29:57.914Z"}}, {"model": "sessions.session", "pk": "lvmnki5ety1i9clg3pl1a20zeewfe5n3", "fields": {"session_data": "YmRjNDY1MmUwZWZhOTE5OWY2ZDExZDE2ZDFjYjVjNGU1OTYzYTQ0Mjp7fQ==", "expire_date": "2020-06-05T15:28:38.401Z"}}, {"model": "sessions.session", "pk": "micocrn6o9x13hjeiobmrhpq0rbd1vtu", "fields": {"session_data": "ZDY1YzNmOWIzYTU3ZDNmMzJjYjI0ZjlmY2Y5ZjQ2YTQyZGYyOWUyYzp7Il9hdXRoX3VzZXJfaWQiOiIxIiwiX2F1dGhfdXNlcl9iYWNrZW5kIjoiZGphbmdvLmNvbnRyaWIuYXV0aC5iYWNrZW5kcy5Nb2RlbEJhY2tlbmQiLCJfYXV0aF91c2VyX2hhc2giOiJmYzUxNTE0NjM3YTkzNzMxNzdjOTAwYWRhMjFhY2Y1YTI5Y2RkZjE3In0=", "expire_date": "2020-05-06T00:12:10.675Z"}}, {"model": "sessions.session", "pk": "mzq2hmu9f6vcngh1pou27aeikf22ya6m", "fields": {"session_data": "YmRjNDY1MmUwZWZhOTE5OWY2ZDExZDE2ZDFjYjVjNGU1OTYzYTQ0Mjp7fQ==", "expire_date": "2020-06-07T12:38:59.719Z"}}, {"model": "sessions.session", "pk": "n9lhngcmhyfwkdg8vydrzvoeu9tglsly", "fields": {"session_data": "YmRjNDY1MmUwZWZhOTE5OWY2ZDExZDE2ZDFjYjVjNGU1OTYzYTQ0Mjp7fQ==", "expire_date": "2020-06-07T00:23:00.145Z"}}, {"model": "sessions.session", "pk": "oljfim6m54mux0ntlekxgrnk1eciqkn8", "fields": {"session_data": "ZDY1YzNmOWIzYTU3ZDNmMzJjYjI0ZjlmY2Y5ZjQ2YTQyZGYyOWUyYzp7Il9hdXRoX3VzZXJfaWQiOiIxIiwiX2F1dGhfdXNlcl9iYWNrZW5kIjoiZGphbmdvLmNvbnRyaWIuYXV0aC5iYWNrZW5kcy5Nb2RlbEJhY2tlbmQiLCJfYXV0aF91c2VyX2hhc2giOiJmYzUxNTE0NjM3YTkzNzMxNzdjOTAwYWRhMjFhY2Y1YTI5Y2RkZjE3In0=", "expire_date": "2020-06-08T18:14:25.403Z"}}, {"model": "sessions.session", "pk": "pfffcdk3e246tpg7t1o7glxyzmwoomox", "fields": {"session_data": "MmZmZTMyY2NiMTQxMGVmNmZkMTM5NTFjZGE0NDJhN2Q1ZDUwNzQ1ZDp7Il9hdXRoX3VzZXJfaWQiOiIxIiwiX2F1dGhfdXNlcl9iYWNrZW5kIjoiZGphbmdvLmNvbnRyaWIuYXV0aC5iYWNrZW5kcy5Nb2RlbEJhY2tlbmQiLCJfYXV0aF91c2VyX2hhc2giOiI1MDkyOTY3YjkyYzEwNzk3YmZhMjFmMmRlZWQ2YTJhN2E5MmJkZjUxIn0=", "expire_date": "2020-04-23T22:50:16.306Z"}}, {"model": "sessions.session", "pk": "phukq11hx2uubvuof4sp9a4vhkqcqy93", "fields": {"session_data": "MzdmNzkyMjBiNTA2MGRmYjY3OWYzZjk5ZTExNGFhY2Q5MDRjNGZhZDp7Il9hdXRoX3VzZXJfaWQiOiIxIiwiX2F1dGhfdXNlcl9iYWNrZW5kIjoiZGphbmdvLmNvbnRyaWIuYXV0aC5iYWNrZW5kcy5Nb2RlbEJhY2tlbmQiLCJfYXV0aF91c2VyX2hhc2giOiI2YjFkZDZmZWRmYjJkNzhkYjc5MGNjOWNkNmU1ZDQ0NGQzZmY0OWZjIn0=", "expire_date": "2020-04-18T15:45:43.986Z"}}, {"model": "sessions.session", "pk": "qjzsh7qoa965v5dzf6u5o2mx610opdaq", "fields": {"session_data": "ZDY1YzNmOWIzYTU3ZDNmMzJjYjI0ZjlmY2Y5ZjQ2YTQyZGYyOWUyYzp7Il9hdXRoX3VzZXJfaWQiOiIxIiwiX2F1dGhfdXNlcl9iYWNrZW5kIjoiZGphbmdvLmNvbnRyaWIuYXV0aC5iYWNrZW5kcy5Nb2RlbEJhY2tlbmQiLCJfYXV0aF91c2VyX2hhc2giOiJmYzUxNTE0NjM3YTkzNzMxNzdjOTAwYWRhMjFhY2Y1YTI5Y2RkZjE3In0=", "expire_date": "2020-06-15T21:32:04.560Z"}}, {"model": "sessions.session", "pk": "rwtqiqtb90f1hnwsh66owcbxbzk0gl8s", "fields": {"session_data": "YmRjNDY1MmUwZWZhOTE5OWY2ZDExZDE2ZDFjYjVjNGU1OTYzYTQ0Mjp7fQ==", "expire_date": "2020-06-07T00:17:40.851Z"}}, {"model": "sessions.session", "pk": "rz1f6pwnknikq5e7flgepbzffnwpab3p", "fields": {"session_data": "MmZmZTMyY2NiMTQxMGVmNmZkMTM5NTFjZGE0NDJhN2Q1ZDUwNzQ1ZDp7Il9hdXRoX3VzZXJfaWQiOiIxIiwiX2F1dGhfdXNlcl9iYWNrZW5kIjoiZGphbmdvLmNvbnRyaWIuYXV0aC5iYWNrZW5kcy5Nb2RlbEJhY2tlbmQiLCJfYXV0aF91c2VyX2hhc2giOiI1MDkyOTY3YjkyYzEwNzk3YmZhMjFmMmRlZWQ2YTJhN2E5MmJkZjUxIn0=", "expire_date": "2020-04-23T16:54:28.139Z"}}, {"model": "sessions.session", "pk": "seq3pqdpch6dn19w7st9n0cj1qbmgplq", "fields": {"session_data": "YmRjNDY1MmUwZWZhOTE5OWY2ZDExZDE2ZDFjYjVjNGU1OTYzYTQ0Mjp7fQ==", "expire_date": "2020-06-07T00:20:27.754Z"}}, {"model": "sessions.session", "pk": "tl8eeqila1j06zz9wa54fuex6aqbrdga", "fields": {"session_data": "ZDY1YzNmOWIzYTU3ZDNmMzJjYjI0ZjlmY2Y5ZjQ2YTQyZGYyOWUyYzp7Il9hdXRoX3VzZXJfaWQiOiIxIiwiX2F1dGhfdXNlcl9iYWNrZW5kIjoiZGphbmdvLmNvbnRyaWIuYXV0aC5iYWNrZW5kcy5Nb2RlbEJhY2tlbmQiLCJfYXV0aF91c2VyX2hhc2giOiJmYzUxNTE0NjM3YTkzNzMxNzdjOTAwYWRhMjFhY2Y1YTI5Y2RkZjE3In0=", "expire_date": "2020-06-07T12:25:59.563Z"}}, {"model": "sessions.session", "pk": "vj3ur8vine593w85tqxv043e44i3191e", "fields": {"session_data": "YmRjNDY1MmUwZWZhOTE5OWY2ZDExZDE2ZDFjYjVjNGU1OTYzYTQ0Mjp7fQ==", "expire_date": "2020-06-07T11:57:42.725Z"}}, {"model": "sessions.session", "pk": "vt76rrgn8nr1mz88whmsjebsm5jbrpi8", "fields": {"session_data": "YmRjNDY1MmUwZWZhOTE5OWY2ZDExZDE2ZDFjYjVjNGU1OTYzYTQ0Mjp7fQ==", "expire_date": "2020-06-07T00:58:52.536Z"}}, {"model": "sessions.session", "pk": "wacc4k9es8se6pdf3zx7zsmombt742u9", "fields": {"session_data": "MzdmNzkyMjBiNTA2MGRmYjY3OWYzZjk5ZTExNGFhY2Q5MDRjNGZhZDp7Il9hdXRoX3VzZXJfaWQiOiIxIiwiX2F1dGhfdXNlcl9iYWNrZW5kIjoiZGphbmdvLmNvbnRyaWIuYXV0aC5iYWNrZW5kcy5Nb2RlbEJhY2tlbmQiLCJfYXV0aF91c2VyX2hhc2giOiI2YjFkZDZmZWRmYjJkNzhkYjc5MGNjOWNkNmU1ZDQ0NGQzZmY0OWZjIn0=", "expire_date": "2020-04-21T08:52:24.308Z"}}, {"model": "sessions.session", "pk": "zcuwoon5djok0ybjq834x7zu55fhrcwz", "fields": {"session_data": "YmRjNDY1MmUwZWZhOTE5OWY2ZDExZDE2ZDFjYjVjNGU1OTYzYTQ0Mjp7fQ==", "expire_date": "2020-06-17T20:54:32.444Z"}}, {"model": "app_goods.category", "pk": 1, "fields": {"name": "Smartphones", "slug": "smartphones", "description": "", "image": ""}}, {"model": "app_goods.category", "pk": 2, "fields": {"name": "Button", "slug": "button", "description": "", "image": ""}}, {"model": "app_goods.category", "pk": 3, "fields": {"name": "Smartwatch", "slug": "smartwatch", "description": "", "image": ""}}, {"model": "app_goods.category", "pk": 4, "fields": {"name": "Sim_card", "slug": "sim_card", "description": "", "image": ""}}, {"model": "app_goods.category", "pk": 5, "fields": {"name": "Lte routers & modems", "slug": "lte-routers-modems", "description": "", "image": ""}}, {"model": "app_goods.category", "pk": 6, "fields": {"name": "Accessory", "slug": "accessory", "description": "", "image": ""}}, {"model": "app_goods.brand", "pk": 1, "fields": {"name": "Honor", "slug": "honor"}}, {"model": "app_goods.brand", "pk": 2, "fields": {"name": "Samsung", "slug": "samsung"}}, {"model": "app_goods.brand", "pk": 3, "fields": {"name": "Huawei", "slug": "huawei"}}, {"model": "app_goods.brand", "pk": 4, "fields": {"name": "Garmin", "slug": "garmin"}}, {"model": "app_goods.brand", "pk": 5, "fields": {"name": "Xiaomi", "slug": "xiaomi"}}, {"model": "app_goods.product", "pk": 1, "fields": {"model_name": "Honor 7A", "slug": "honor-7a", "brand": 1, "category": 1, "description": "\u0436\u043b\u0430\u0434\u043b\u0444\u0434\u043b\u0430\u0434\u0444\u043b\u044b\u0434\u0432\u0430\u043b\r\n\u0444\u044b\u0432\u0430\u0444\u044b\u0432\u0430\u0444\u044b\u0432\u0430\r\n\u0444\u044b\u0432\u0430\u0444\u044b\u043e\u0432\u0430\u043b\u0434\u0444\u043e\u044b\u0432\u0430\u043b\u0444\r\n\u0444\u044b\u0432\u0430\u044b\u0444\u0432\u0430", "price": "13000.00", "display": "0.00", "hdd": 0, "ram": 0, "colour": "Black", "camera_1": "0.00", "camera_2": "0.00", "front_camera": "0.00", "processor_frequency": "0.00", "processor_core": 0, "battery": "", "image": "photos/Honor_7A_blue.jpg", "image_1": "", "image_2": "", "stock": 10, "available": true, "created": "2020-04-04T12:48:52.523Z", "updated": "2020-04-09T22:13:54.965Z"}}, {"model": "app_goods.product", "pk": 2, "fields": {"model_name": "Vivo Move Sport", "slug": "vivo-move-sport", "brand": 4, "category": 3, "description": "", "price": "6000.00", "display": "0.00", "hdd": 0, "ram": 0, "colour": "Black", "camera_1": "0.00", "camera_2": "0.00", "front_camera": "0.00", "processor_frequency": "0.00", "processor_core": 0, "battery": "", "image": "photos/Vivo_Move_HR_sport.jpg", "image_1": "", "image_2": "", "stock": 5, "available": true, "created": "2020-04-04T15:24:21.226Z", "updated": "2020-04-04T15:24:21.226Z"}}, {"model": "app_goods.product", "pk": 3, "fields": {"model_name": "Honor 8A", "slug": "honor-8a", "brand": 1, "category": 1, "description": "yyyeyteryeryteryteryeyer", "price": "8990.00", "display": "0.00", "hdd": 0, "ram": 0, "colour": "Black", "camera_1": "0.00", "camera_2": "0.00", "front_camera": "0.00", "processor_frequency": "0.00", "processor_core": 0, "battery": "", "image": "photos/Honor_8A.jpg", "image_1": "", "image_2": "", "stock": 10, "available": true, "created": "2020-04-09T22:51:27.887Z", "updated": "2020-04-09T22:51:27.887Z"}}, {"model": "app_goods.accessory", "pk": 1, "fields": {"name": "\u041d\u0430\u0443\u0448\u043d\u0438\u043a\u0438", "slug": "headphones", "image": "photos/\u041d\u0430\u0443\u0448\u043d\u0438\u043a\u0438_1_zVctHYS.jpeg", "stock": 10, "price": "1290.00", "link": [1, 3]}}, {"model": "app_goods.accessory", "pk": 2, "fields": {"name": "MicroSD 8GB", "slug": "MicroSD_8GB", "image": "photos/MicroSd.jpeg", "stock": 10, "price": "590.00", "link": [1, 3, 2]}}, {"model": "app_goods.accessory", "pk": 3, "fields": {"name": "Cable micro/USB", "slug": "Cable_micro_USB", "image": "photos/USB_cable.jpeg", "stock": 10, "price": "99.00", "link": [3]}}, {"model": "app_goods.cart", "pk": 24, "fields": {"cart_id": "afoggw3pawecr3ub1df1rqdhwnzkl9g7", "date_added": "2020-04-10"}}, {"model": "app_goods.cart", "pk": 25, "fields": {"cart_id": "ue5ju48g5agcoq9ex5xc7qwj5yq4ceyh", "date_added": "2020-04-10"}}, {"model": "app_goods.cart", "pk": 26, "fields": {"cart_id": "8bahrx4yng5dls9hx8rv8nh53cw4dx34", "date_added": "2020-04-10"}}, {"model": "app_goods.cart", "pk": 27, "fields": {"cart_id": "jl8p6jm0tzvjs4kn3oui5eqmnopfjms1", "date_added": "2020-04-10"}}, {"model": "app_goods.cart", "pk": 28, "fields": {"cart_id": "b7fbi0uih2v56rpv87mnev5owinmwgin", "date_added": "2020-04-10"}}, {"model": "app_goods.cart", "pk": 29, "fields": {"cart_id": "56lpcglv1gjsqnohsje71z9jwekwd26e", "date_added": "2020-04-10"}}, {"model": "app_goods.cart", "pk": 30, "fields": {"cart_id": "l7pqjzcvkmdhe6gzrnnlwtyv1nm3qlav", "date_added": "2020-04-11"}}, {"model": "app_goods.cart", "pk": 31, "fields": {"cart_id": "0g4d67xhh3v16ids1d2l6jclbri9xp5c", "date_added": "2020-04-11"}}, {"model": "app_goods.cart", "pk": 32, "fields": {"cart_id": "hy03kia0ay1r0q1q1zc19wx61x8djrgl", "date_added": "2020-04-11"}}, {"model": "app_goods.cart", "pk": 33, "fields": {"cart_id": "rbiw9evfyjxx4ykln7fc9qj4rm2yf6zc", "date_added": "2020-04-22"}}, {"model": "app_goods.cart", "pk": 34, "fields": {"cart_id": "lvmnki5ety1i9clg3pl1a20zeewfe5n3", "date_added": "2020-05-22"}}, {"model": "app_goods.cart", "pk": 35, "fields": {"cart_id": "ud0w85c7t34fe9fk6yirz6gda7a19qrj", "date_added": "2020-05-23"}}, {"model": "app_goods.cart", "pk": 36, "fields": {"cart_id": "p9abz9lz265qa8uyqmjmn3ylfvp24mop", "date_added": "2020-05-24"}}, {"model": "app_goods.cart", "pk": 37, "fields": {"cart_id": "emw4y28pgzfe24u3lk56c5tg7hbh5ity", "date_added": "2020-05-24"}}, {"model": "app_goods.cart", "pk": 38, "fields": {"cart_id": "f62modgbuqr1xsqrysm2zk3xjc4c7zrn", "date_added": "2020-05-24"}}, {"model": "app_goods.cart", "pk": 39, "fields": {"cart_id": "rwtqiqtb90f1hnwsh66owcbxbzk0gl8s", "date_added": "2020-05-24"}}, {"model": "app_goods.cart", "pk": 40, "fields": {"cart_id": "seq3pqdpch6dn19w7st9n0cj1qbmgplq", "date_added": "2020-05-24"}}, {"model": "app_goods.cart", "pk": 41, "fields": {"cart_id": "n9lhngcmhyfwkdg8vydrzvoeu9tglsly", "date_added": "2020-05-24"}}, {"model": "app_goods.cart", "pk": 42, "fields": {"cart_id": "ho21w0p7275wkxgjsgw0p4036ekwz4fw", "date_added": "2020-05-24"}}, {"model": "app_goods.cart", "pk": 43, "fields": {"cart_id": "7mncbnyq4qnnxzgj9varj1ryzt8e2jyb", "date_added": "2020-05-24"}}, {"model": "app_goods.cart", "pk": 44, "fields": {"cart_id": "3bnideb4m6aj1atad2hohjupk3g3wv7i", "date_added": "2020-05-24"}}, {"model": "app_goods.cart", "pk": 45, "fields": {"cart_id": "295qf3c0mai7gakk9l1s2m4ehq2plrwn", "date_added": "2020-05-24"}}, {"model": "app_goods.cart", "pk": 46, "fields": {"cart_id": "vt76rrgn8nr1mz88whmsjebsm5jbrpi8", "date_added": "2020-05-24"}}, {"model": "app_goods.cart", "pk": 47, "fields": {"cart_id": "il1058692d9jq1po3nfo37uowr0hfic2", "date_added": "2020-05-24"}}, {"model": "app_goods.cart", "pk": 48, "fields": {"cart_id": "5bpdf19748sosaigzeyhfc5xc2ri3cln", "date_added": "2020-05-24"}}, {"model": "app_goods.cart", "pk": 49, "fields": {"cart_id": "vj3ur8vine593w85tqxv043e44i3191e", "date_added": "2020-05-24"}}, {"model": "app_goods.cart", "pk": 50, "fields": {"cart_id": "4n4u9539iawgntaxc7tbec2v0vykgxfz", "date_added": "2020-05-24"}}, {"model": "app_goods.cart", "pk": 51, "fields": {"cart_id": "tl8eeqila1j06zz9wa54fuex6aqbrdga", "date_added": "2020-05-24"}}, {"model": "app_goods.cart", "pk": 52, "fields": {"cart_id": "kh9xhscofeh26wjql5d2eolqfd5nliyp", "date_added": "2020-05-24"}}, {"model": "app_goods.cart", "pk": 53, "fields": {"cart_id": "mzq2hmu9f6vcngh1pou27aeikf22ya6m", "date_added": "2020-05-24"}}, {"model": "app_goods.cart", "pk": 54, "fields": {"cart_id": "azt55hd9sjowja6ylbopuecbkificd7v", "date_added": "2020-05-26"}}, {"model": "app_goods.cart", "pk": 55, "fields": {"cart_id": "qjzsh7qoa965v5dzf6u5o2mx610opdaq", "date_added": "2020-06-02"}}, {"model": "app_goods.cart", "pk": 56, "fields": {"cart_id": "19yzh23srrgo3s2jhfisvpo1gneucxb1", "date_added": "2020-06-03"}}, {"model": "app_goods.cart", "pk": 57, "fields": {"cart_id": "4zff5sst4hq617g1qn05x7wlo9rv0ole", "date_added": "2020-06-03"}}, {"model": "app_goods.cart", "pk": 58, "fields": {"cart_id": "zcuwoon5djok0ybjq834x7zu55fhrcwz", "date_added": "2020-06-03"}}, {"model": "app_goods.cart", "pk": 59, "fields": {"cart_id": "hvyr4fvseerzb16adqzgelpoijl87vi2", "date_added": "2020-06-04"}}, {"model": "app_goods.cart", "pk": 60, "fields": {"cart_id": "t5i5k6jd9frhr99yz6f78w2knppblp5w", "date_added": "2020-06-04"}}, {"model": "app_goods.cart", "pk": 61, "fields": {"cart_id": "ykwray2sz6653km3p6piyfoz1o87nmmg", "date_added": "2020-06-09"}}, {"model": "app_goods.cartitem", "pk": 76, "fields": {"product": "Honor 7A", "image": "photos/Honor_7A_blue.jpg", "slug": "honor-7a", "cart": 51, "quantity": 2, "price": "13000.00", "active": true}}, {"model": "app_goods.cartitem", "pk": 77, "fields": {"product": "MicroSD 8GB", "image": "photos/MicroSd.jpeg", "slug": "MicroSD_8GB", "cart": 51, "quantity": 2, "price": "590.00", "active": true}}, {"model": "app_goods.cartitem", "pk": 78, "fields": {"product": "Honor 8A", "image": "photos/Honor_8A.jpg", "slug": "honor-8a", "cart": 52, "quantity": 2, "price": "8990.00", "active": true}}, {"model": "app_goods.cartitem", "pk": 79, "fields": {"product": "Honor 7A", "image": "photos/Honor_7A_blue.jpg", "slug": "honor-7a", "cart": 52, "quantity": 1, "price": "13000.00", "active": true}}, {"model": "app_goods.cartitem", "pk": 80, "fields": {"product": "MicroSD 8GB", "image": "photos/MicroSd.jpeg", "slug": "MicroSD_8GB", "cart": 52, "quantity": 1, "price": "590.00", "active": true}}, {"model": "app_goods.cartitem", "pk": 81, "fields": {"product": "Honor 7A", "image": "photos/Honor_7A_blue.jpg", "slug": "honor-7a", "cart": 53, "quantity": 4, "price": "13000.00", "active": true}}, {"model": "app_goods.cartitem", "pk": 82, "fields": {"product": "MicroSD 8GB", "image": "photos/MicroSd.jpeg", "slug": "MicroSD_8GB", "cart": 53, "quantity": 4, "price": "590.00", "active": true}}, {"model": "app_goods.cartitem", "pk": 83, "fields": {"product": "Vivo Move Sport", "image": "photos/Vivo_Move_HR_sport.jpg", "slug": "vivo-move-sport", "cart": 53, "quantity": 1, "price": "6000.00", "active": true}}, {"model": "app_goods.cartitem", "pk": 84, "fields": {"product": "Honor 7A", "image": "photos/Honor_7A_blue.jpg", "slug": "honor-7a", "cart": 54, "quantity": 2, "price": "13000.00", "active": true}}, {"model": "app_goods.cartitem", "pk": 85, "fields": {"product": "MicroSD 8GB", "image": "photos/MicroSd.jpeg", "slug": "MicroSD_8GB", "cart": 54, "quantity": 1, "price": "590.00", "active": true}}, {"model": "app_goods.cartitem", "pk": 86, "fields": {"product": "Honor 7A", "image": "photos/Honor_7A_blue.jpg", "slug": "honor-7a", "cart": 55, "quantity": 1, "price": "13000.00", "active": true}}, {"model": "app_goods.cartitem", "pk": 87, "fields": {"product": "Honor 7A", "image": "photos/Honor_7A_blue.jpg", "slug": "honor-7a", "cart": 56, "quantity": 1, "price": "13000.00", "active": true}}, {"model": "app_goods.cartitem", "pk": 88, "fields": {"product": "Honor 7A", "image": "photos/Honor_7A_blue.jpg", "slug": "honor-7a", "cart": 57, "quantity": 1, "price": "13000.00", "active": true}}, {"model": "app_goods.cartitem", "pk": 89, "fields": {"product": "MicroSD 8GB", "image": "photos/MicroSd.jpeg", "slug": "MicroSD_8GB", "cart": 57, "quantity": 1, "price": "590.00", "active": true}}, {"model": "app_goods.cartitem", "pk": 90, "fields": {"product": "Honor 7A", "image": "photos/Honor_7A_blue.jpg", "slug": "honor-7a", "cart": 58, "quantity": 1, "price": "13000.00", "active": true}}, {"model": "app_goods.cartitem", "pk": 91, "fields": {"product": "MicroSD 8GB", "image": "photos/MicroSd.jpeg", "slug": "MicroSD_8GB", "cart": 58, "quantity": 1, "price": "590.00", "active": true}}, {"model": "app_goods.cartitem", "pk": 92, "fields": {"product": "Honor 7A", "image": "photos/Honor_7A_blue.jpg", "slug": "honor-7a", "cart": 59, "quantity": 1, "price": "13000.00", "active": true}}, {"model": "app_goods.cartitem", "pk": 93, "fields": {"product": "MicroSD 8GB", "image": "photos/MicroSd.jpeg", "slug": "MicroSD_8GB", "cart": 59, "quantity": 1, "price": "590.00", "active": true}}, {"model": "app_goods.cartitem", "pk": 94, "fields": {"product": "Honor 7A", "image": "photos/Honor_7A_blue.jpg", "slug": "honor-7a", "cart": 60, "quantity": 1, "price": "13000.00", "active": true}}, {"model": "app_goods.cartitem", "pk": 95, "fields": {"product": "MicroSD 8GB", "image": "photos/MicroSd.jpeg", "slug": "MicroSD_8GB", "cart": 60, "quantity": 1, "price": "590.00", "active": true}}, {"model": "app_goods.cartitem", "pk": 96, "fields": {"product": "Honor 7A", "image": "photos/Honor_7A_blue.jpg", "slug": "honor-7a", "cart": 61, "quantity": 1, "price": "13000.00", "active": true}}, {"model": "app_orders.order", "pk": 6, "fields": {"first_name": "\u0421\u0435\u0440\u0433\u0435\u0439", "last_name": "\u0412\u0438\u043d\u043e\u043a\u0443\u0440\u043e\u0432", "email": "79200711112@yandex.ru", "phone": "\u0443\u043a\u0435\u0443\u043a\u0435", "postal_code": "\u0443\u043a\u0435\u043a\u0443\u0435", "region": "\u0443\u043a\u0435\u0443\u043a\u0435", "city": "\u0443\u043a\u0435\u0443\u043a\u0435", "street": "\u0443\u043a\u0435\u0443\u043a\u0435", "building": "\u0443\u043a\u0435\u0443", "appartment": "\u0443\u043a\u0435"}}, {"model": "app_orders.order", "pk": 7, "fields": {"first_name": "\u0421\u0435\u0440\u0433\u0435\u0439", "last_name": "\u0412\u0438\u043d\u043e\u043a\u0443\u0440\u043e\u0432", "email": "79200711112@yandex.ru", "phone": "\u0443\u043a\u0435\u0443\u043a\u0435", "postal_code": "\u0443\u043a\u0435\u043a\u0443\u0435", "region": "\u0443\u043a\u0435\u0443\u043a\u0435", "city": "\u0443\u043a\u0435\u0443\u043a\u0435", "street": "\u0443\u043a\u0435\u0443\u043a\u0435", "building": "\u0443\u043a\u0435\u0443", "appartment": "\u0443\u043a\u0435"}}, {"model": "app_orders.order", "pk": 8, "fields": {"first_name": "\u0421\u0435\u0440\u0433\u0435\u0439", "last_name": "\u0412\u0438\u043d\u043e\u043a\u0443\u0440\u043e\u0432", "email": "79200711112@yandex.ru", "phone": "sdfsas", "postal_code": "asdfasd", "region": "adfaf", "city": "asdfas", "street": "asdfa", "building": "asdfa", "appartment": "asdfa"}}, {"model": "app_orders.order", "pk": 9, "fields": {"first_name": "\u0418\u0432\u0430\u043d", "last_name": "\u0418\u0432\u0430\u043d\u043e\u0432", "email": "NetUser@ya.ru", "phone": "333333333", "postal_code": "606460", "region": "\u041d\u0438\u0436\u0435\u0433\u043e\u0440\u043e\u0434\u0441\u043a\u0430\u044f \u043e\u0431\u043b.", "city": "\u0411\u043e\u0440", "street": "\u041f\u0435\u0440\u0440\u043e\u043d\u043d\u0430\u044f \u0434. 6", "building": "wer", "appartment": "wer"}}, {"model": "app_orders.order", "pk": 10, "fields": {"first_name": "\u0421\u0435\u0440\u0433\u0435\u0439", "last_name": "\u0412\u0438\u043d\u043e\u043a\u0443\u0440\u043e\u0432", "email": "79200711112@yandex.ru", "phone": "wewerew", "postal_code": "werewr", "region": "werwer", "city": "werw", "street": "werwe", "building": "werwe", "appartment": "werwer"}}, {"model": "app_orders.order", "pk": 11, "fields": {"first_name": "\u0421\u0435\u0440\u0433\u0435\u0439", "last_name": "\u0412\u0438\u043d\u043e\u043a\u0443\u0440\u043e\u0432", "email": "79200711112@yandex.ru", "phone": "wewerew", "postal_code": "werewr", "region": "werwer", "city": "werw", "street": "werwe", "building": "werwe", "appartment": "werwer"}}, {"model": "app_orders.order", "pk": 12, "fields": {"first_name": "\u0421\u0435\u0440\u0433\u0435\u0439", "last_name": "\u0412\u0438\u043d\u043e\u043a\u0443\u0440\u043e\u0432", "email": "79200711112@yandex.ru", "phone": "wewerew", "postal_code": "werewr", "region": "werwer", "city": "werw", "street": "werwe", "building": "werwe", "appartment": "werwer"}}, {"model": "app_orders.order", "pk": 13, "fields": {"first_name": "\u0421\u0435\u0440\u0433\u0435\u0439", "last_name": "\u0412\u0438\u043d\u043e\u043a\u0443\u0440\u043e\u0432", "email": "79200711112@yandex.ru", "phone": "sdfsassd", "postal_code": "dfg", "region": "dfgdfg", "city": "dfg", "street": "dfg", "building": "dfg", "appartment": "dfg"}}, {"model": "app_orders.order", "pk": 14, "fields": {"first_name": "\u0421\u0435\u0440\u0433\u0435\u0439", "last_name": "\u0412\u0438\u043d\u043e\u043a\u0443\u0440\u043e\u0432", "email": "79200711112@yandex.ru", "phone": "xcvxcv", "postal_code": "xcvxv", "region": "xcvxcvx", "city": "xcvcx", "street": "xcvxcv", "building": "xcvcx", "appartment": "xcv"}}, {"model": "app_orders.order", "pk": 15, "fields": {"first_name": "Janee", "last_name": "Smith", "email": "Janee@btre.com", "phone": "333333333", "postal_code": "606460", "region": "\u041d\u0438\u0436\u0435\u0433\u043e\u0440\u043e\u0434\u0441\u043a\u0430\u044f \u043e\u0431\u043b.", "city": "\u0411\u043e\u0440", "street": "\u041f\u0435\u0440\u0440\u043e\u043d\u043d\u0430\u044f \u0434. 6", "building": "dsgf", "appartment": "2"}}, {"model": "app_orders.order", "pk": 16, "fields": {"first_name": "\u0418\u0432\u0430\u043d", "last_name": "\u0418\u0432\u0430\u043d\u043e\u0432", "email": "NetUser@ya.ru", "phone": "333333333", "postal_code": "606460", "region": "\u041d\u0438\u0436\u0435\u0433\u043e\u0440\u043e\u0434\u0441\u043a\u0430\u044f \u043e\u0431\u043b.", "city": "\u0411\u043e\u0440", "street": "\u041f\u0435\u0440\u0440\u043e\u043d\u043d\u0430\u044f \u0434. 6", "building": "32", "appartment": "1"}}, {"model": "app_orders.order", "pk": 17, "fields": {"first_name": "Sergei", "last_name": "Vinokurov", "email": "Janee@btre.com", "phone": "234343", "postal_code": "6464564", "region": "\u041d\u0438\u0436\u0435\u0433\u043e\u0440\u043e\u0434\u0441\u043a\u0430\u044f \u043e\u0431\u043b.", "city": "\u0411\u043e\u0440", "street": "\u041f\u0435\u0440\u0440\u043e\u043d\u043d\u0430\u044f \u0434. 6", "building": "32", "appartment": "1"}}, {"model": "app_orders.order", "pk": 18, "fields": {"first_name": "", "last_name": "", "email": "", "phone": "", "postal_code": "", "region": "", "city": "", "street": "", "building": "", "appartment": ""}}, {"model": "app_orders.order", "pk": 19, "fields": {"first_name": "", "last_name": "", "email": "", "phone": "", "postal_code": "", "region": "", "city": "", "street": "", "building": "", "appartment": ""}}, {"model": "app_orders.order", "pk": 20, "fields": {"first_name": "", "last_name": "", "email": "", "phone": "", "postal_code": "", "region": "", "city": "", "street": "", "building": "", "appartment": ""}}, {"model": "app_orders.order", "pk": 21, "fields": {"first_name": "", "last_name": "", "email": "", "phone": "", "postal_code": "", "region": "", "city": "", "street": "", "building": "", "appartment": ""}}, {"model": "app_orders.order", "pk": 22, "fields": {"first_name": "", "last_name": "", "email": "", "phone": "", "postal_code": "", "region": "", "city": "", "street": "", "building": "", "appartment": ""}}, {"model": "app_orders.order", "pk": 23, "fields": {"first_name": "", "last_name": "", "email": "", "phone": "", "postal_code": "", "region": "", "city": "", "street": "", "building": "", "appartment": ""}}, {"model": "app_orders.order", "pk": 24, "fields": {"first_name": "", "last_name": "", "email": "", "phone": "", "postal_code": "", "region": "", "city": "", "street": "", "building": "", "appartment": ""}}, {"model": "app_orders.order", "pk": 25, "fields": {"first_name": "", "last_name": "", "email": "", "phone": "", "postal_code": "", "region": "", "city": "", "street": "", "building": "", "appartment": ""}}, {"model": "app_orders.order", "pk": 26, "fields": {"first_name": "", "last_name": "", "email": "", "phone": "", "postal_code": "", "region": "", "city": "", "street": "", "building": "", "appartment": ""}}, {"model": "app_orders.order", "pk": 27, "fields": {"first_name": "", "last_name": "", "email": "", "phone": "", "postal_code": "", "region": "", "city": "", "street": "", "building": "", "appartment": ""}}, {"model": "app_orders.order", "pk": 28, "fields": {"first_name": "", "last_name": "", "email": "", "phone": "", "postal_code": "", "region": "", "city": "", "street": "", "building": "", "appartment": ""}}, {"model": "app_orders.order", "pk": 29, "fields": {"first_name": "", "last_name": "", "email": "", "phone": "", "postal_code": "", "region": "", "city": "", "street": "", "building": "", "appartment": ""}}, {"model": "app_orders.order", "pk": 30, "fields": {"first_name": "", "last_name": "", "email": "", "phone": "", "postal_code": "", "region": "", "city": "", "street": "", "building": "", "appartment": ""}}, {"model": "app_orders.order", "pk": 31, "fields": {"first_name": "", "last_name": "", "email": "", "phone": "", "postal_code": "", "region": "", "city": "", "street": "", "building": "", "appartment": ""}}, {"model": "app_orders.order", "pk": 32, "fields": {"first_name": "", "last_name": "", "email": "", "phone": "", "postal_code": "", "region": "", "city": "", "street": "", "building": "", "appartment": ""}}, {"model": "app_orders.order", "pk": 33, "fields": {"first_name": "", "last_name": "", "email": "", "phone": "", "postal_code": "", "region": "", "city": "", "street": "", "building": "", "appartment": ""}}, {"model": "app_orders.order", "pk": 34, "fields": {"first_name": "", "last_name": "", "email": "", "phone": "", "postal_code": "", "region": "", "city": "", "street": "", "building": "", "appartment": ""}}, {"model": "app_orders.order", "pk": 35, "fields": {"first_name": "", "last_name": "", "email": "", "phone": "", "postal_code": "", "region": "", "city": "", "street": "", "building": "", "appartment": ""}}, {"model": "app_orders.order", "pk": 36, "fields": {"first_name": "", "last_name": "", "email": "", "phone": "", "postal_code": "", "region": "", "city": "", "street": "", "building": "", "appartment": ""}}, {"model": "app_orders.order", "pk": 37, "fields": {"first_name": "", "last_name": "", "email": "", "phone": "", "postal_code": "", "region": "", "city": "", "street": "", "building": "", "appartment": ""}}, {"model": "app_orders.order", "pk": 38, "fields": {"first_name": "", "last_name": "", "email": "", "phone": "", "postal_code": "", "region": "", "city": "", "street": "", "building": "", "appartment": ""}}, {"model": "app_orders.order", "pk": 39, "fields": {"first_name": "", "last_name": "", "email": "", "phone": "", "postal_code": "", "region": "", "city": "", "street": "", "building": "", "appartment": ""}}, {"model": "app_orders.order", "pk": 40, "fields": {"first_name": "", "last_name": "", "email": "", "phone": "", "postal_code": "", "region": "", "city": "", "street": "", "building": "", "appartment": ""}}, {"model": "app_orders.order", "pk": 41, "fields": {"first_name": "", "last_name": "", "email": "", "phone": "", "postal_code": "", "region": "", "city": "", "street": "", "building": "", "appartment": ""}}, {"model": "app_orders.order", "pk": 42, "fields": {"first_name": "", "last_name": "", "email": "", "phone": "", "postal_code": "", "region": "", "city": "", "street": "", "building": "", "appartment": ""}}, {"model": "app_orders.order", "pk": 43, "fields": {"first_name": "", "last_name": "", "email": "", "phone": "", "postal_code": "", "region": "", "city": "", "street": "", "building": "", "appartment": ""}}, {"model": "app_orders.order", "pk": 44, "fields": {"first_name": "", "last_name": "", "email": "", "phone": "", "postal_code": "", "region": "", "city": "", "street": "", "building": "", "appartment": ""}}, {"model": "app_orders.order", "pk": 45, "fields": {"first_name": "", "last_name": "", "email": "", "phone": "", "postal_code": "", "region": "", "city": "", "street": "", "building": "", "appartment": ""}}, {"model": "app_orders.order", "pk": 46, "fields": {"first_name": "", "last_name": "", "email": "", "phone": "", "postal_code": "", "region": "", "city": "", "street": "", "building": "", "appartment": ""}}, {"model": "app_orders.order", "pk": 47, "fields": {"first_name": "", "last_name": "", "email": "", "phone": "", "postal_code": "", "region": "", "city": "", "street": "", "building": "", "appartment": ""}}, {"model": "app_orders.order", "pk": 48, "fields": {"first_name": "", "last_name": "", "email": "", "phone": "", "postal_code": "", "region": "", "city": "", "street": "", "building": "", "appartment": ""}}, {"model": "app_orders.order", "pk": 49, "fields": {"first_name": "", "last_name": "", "email": "", "phone": "", "postal_code": "", "region": "", "city": "", "street": "", "building": "", "appartment": ""}}, {"model": "app_orders.order", "pk": 50, "fields": {"first_name": "", "last_name": "", "email": "", "phone": "", "postal_code": "", "region": "", "city": "", "street": "", "building": "", "appartment": ""}}, {"model": "app_orders.order", "pk": 51, "fields": {"first_name": "", "last_name": "", "email": "", "phone": "", "postal_code": "", "region": "", "city": "", "street": "", "building": "", "appartment": ""}}, {"model": "app_orders.order", "pk": 52, "fields": {"first_name": "", "last_name": "", "email": "", "phone": "", "postal_code": "", "region": "", "city": "", "street": "", "building": "", "appartment": ""}}, {"model": "app_orders.order", "pk": 53, "fields": {"first_name": "", "last_name": "", "email": "", "phone": "", "postal_code": "", "region": "", "city": "", "street": "", "building": "", "appartment": ""}}, {"model": "app_orders.order", "pk": 54, "fields": {"first_name": "", "last_name": "", "email": "", "phone": "", "postal_code": "", "region": "", "city": "", "street": "", "building": "", "appartment": ""}}, {"model": "app_orders.order", "pk": 55, "fields": {"first_name": "", "last_name": "", "email": "", "phone": "", "postal_code": "", "region": "", "city": "", "street": "", "building": "", "appartment": ""}}, {"model": "app_orders.order", "pk": 56, "fields": {"first_name": "", "last_name": "", "email": "", "phone": "", "postal_code": "", "region": "", "city": "", "street": "", "building": "", "appartment": ""}}, {"model": "app_orders.order", "pk": 57, "fields": {"first_name": "", "last_name": "", "email": "", "phone": "", "postal_code": "", "region": "", "city": "", "street": "", "building": "", "appartment": ""}}, {"model": "app_orders.order", "pk": 58, "fields": {"first_name": "\u0418\u0432\u0430\u043d", "last_name": "\u0418\u0432\u0430\u043d\u043e\u0432", "email": "Ivan@test.com", "phone": "5555555", "postal_code": "666666", "region": "sdlkfl;skfdlsdfdl", "city": "lskkfslkf", "street": "32", "building": "2", "appartment": "3"}}, {"model": "app_orders.order", "pk": 59, "fields": {"first_name": "", "last_name": "", "email": "", "phone": "", "postal_code": "", "region": "", "city": "", "street": "", "building": "", "appartment": ""}}, {"model": "app_orders.order", "pk": 60, "fields": {"first_name": "", "last_name": "", "email": "", "phone": "", "postal_code": "", "region": "", "city": "", "street": "", "building": "", "appartment": ""}}, {"model": "app_orders.order", "pk": 61, "fields": {"first_name": "Janee", "last_name": "Johnson", "email": "Janee@btre.com", "phone": "333333333", "postal_code": "606460", "region": "\u041d\u0438\u0436\u0435\u0433\u043e\u0440\u043e\u0434\u0441\u043a\u0430\u044f \u043e\u0431\u043b.", "city": "\u0411\u043e\u0440", "street": "\u041f\u0435\u0440\u0440\u043e\u043d\u043d\u0430\u044f \u0434. 6", "building": "32", "appartment": "1"}}, {"model": "app_orders.order", "pk": 62, "fields": {"first_name": "Janee", "last_name": "Johnson", "email": "Janee@btre.com", "phone": "333333333", "postal_code": "606460", "region": "\u041d\u0438\u0436\u0435\u0433\u043e\u0440\u043e\u0434\u0441\u043a\u0430\u044f \u043e\u0431\u043b.", "city": "\u0411\u043e\u0440", "street": "\u041f\u0435\u0440\u0440\u043e\u043d\u043d\u0430\u044f \u0434. 6", "building": "32", "appartment": "1"}}, {"model": "app_orders.order", "pk": 63, "fields": {"first_name": "", "last_name": "", "email": "", "phone": "", "postal_code": "", "region": "", "city": "", "street": "", "building": "", "appartment": ""}}, {"model": "app_orders.order", "pk": 64, "fields": {"first_name": "", "last_name": "", "email": "", "phone": "", "postal_code": "", "region": "", "city": "", "street": "", "building": "", "appartment": ""}}, {"model": "app_orders.order", "pk": 65, "fields": {"first_name": "", "last_name": "", "email": "", "phone": "", "postal_code": "", "region": "", "city": "", "street": "", "building": "", "appartment": ""}}, {"model": "app_orders.order", "pk": 66, "fields": {"first_name": "", "last_name": "", "email": "", "phone": "", "postal_code": "", "region": "", "city": "", "street": "", "building": "", "appartment": ""}}, {"model": "app_orders.order", "pk": 67, "fields": {"first_name": "", "last_name": "", "email": "", "phone": "", "postal_code": "", "region": "", "city": "", "street": "", "building": "", "appartment": ""}}, {"model": "app_orders.order", "pk": 68, "fields": {"first_name": "", "last_name": "", "email": "", "phone": "", "postal_code": "", "region": "", "city": "", "street": "", "building": "", "appartment": ""}}, {"model": "app_orders.order", "pk": 69, "fields": {"first_name": "", "last_name": "", "email": "", "phone": "", "postal_code": "", "region": "", "city": "", "street": "", "building": "", "appartment": ""}}, {"model": "app_orders.order", "pk": 70, "fields": {"first_name": "", "last_name": "", "email": "", "phone": "", "postal_code": "", "region": "", "city": "", "street": "", "building": "", "appartment": ""}}, {"model": "app_orders.order", "pk": 71, "fields": {"first_name": "", "last_name": "", "email": "", "phone": "", "postal_code": "", "region": "", "city": "", "street": "", "building": "", "appartment": ""}}, {"model": "app_orders.order", "pk": 72, "fields": {"first_name": "", "last_name": "", "email": "", "phone": "", "postal_code": "", "region": "", "city": "", "street": "", "building": "", "appartment": ""}}, {"model": "app_orders.order", "pk": 73, "fields": {"first_name": "", "last_name": "", "email": "", "phone": "", "postal_code": "", "region": "", "city": "", "street": "", "building": "", "appartment": ""}}, {"model": "app_orders.order", "pk": 74, "fields": {"first_name": "", "last_name": "", "email": "", "phone": "", "postal_code": "", "region": "", "city": "", "street": "", "building": "", "appartment": ""}}, {"model": "app_orders.order", "pk": 75, "fields": {"first_name": "", "last_name": "", "email": "", "phone": "", "postal_code": "", "region": "", "city": "", "street": "", "building": "", "appartment": ""}}, {"model": "app_orders.order", "pk": 76, "fields": {"first_name": "", "last_name": "", "email": "", "phone": "", "postal_code": "", "region": "", "city": "", "street": "", "building": "", "appartment": ""}}, {"model": "app_orders.order", "pk": 77, "fields": {"first_name": "", "last_name": "", "email": "", "phone": "", "postal_code": "", "region": "", "city": "", "street": "", "building": "", "appartment": ""}}, {"model": "app_orders.order", "pk": 78, "fields": {"first_name": "", "last_name": "", "email": "", "phone": "", "postal_code": "", "region": "", "city": "", "street": "", "building": "", "appartment": ""}}, {"model": "app_orders.order", "pk": 79, "fields": {"first_name": "", "last_name": "", "email": "", "phone": "", "postal_code": "", "region": "", "city": "", "street": "", "building": "", "appartment": ""}}, {"model": "app_orders.order", "pk": 80, "fields": {"first_name": "", "last_name": "", "email": "", "phone": "", "postal_code": "", "region": "", "city": "", "street": "", "building": "", "appartment": ""}}, {"model": "app_orders.order", "pk": 81, "fields": {"first_name": "", "last_name": "", "email": "", "phone": "", "postal_code": "", "region": "", "city": "", "street": "", "building": "", "appartment": ""}}, {"model": "app_orders.order", "pk": 82, "fields": {"first_name": "", "last_name": "", "email": "", "phone": "", "postal_code": "", "region": "", "city": "", "street": "", "building": "", "appartment": ""}}, {"model": "app_orders.order", "pk": 83, "fields": {"first_name": "", "last_name": "", "email": "", "phone": "", "postal_code": "", "region": "", "city": "", "street": "", "building": "", "appartment": ""}}, {"model": "app_orders.order", "pk": 84, "fields": {"first_name": "Janee", "last_name": "Johnson", "email": "Janee@btre.com", "phone": "333333333", "postal_code": "606460", "region": "\u041d\u0438\u0436\u0435\u0433\u043e\u0440\u043e\u0434\u0441\u043a\u0430\u044f \u043e\u0431\u043b.", "city": "\u0411\u043e\u0440", "street": "\u041f\u0435\u0440\u0440\u043e\u043d\u043d\u0430\u044f \u0434. 6", "building": "32", "appartment": "25"}}, {"model": "app_orders.order", "pk": 85, "fields": {"first_name": "Janee", "last_name": "Johnson", "email": "Janee@btre.com", "phone": "333333333", "postal_code": "606460", "region": "\u041d\u0438\u0436\u0435\u0433\u043e\u0440\u043e\u0434\u0441\u043a\u0430\u044f \u043e\u0431\u043b.", "city": "\u0411\u043e\u0440", "street": "\u041f\u0435\u0440\u0440\u043e\u043d\u043d\u0430\u044f \u0434. 6", "building": "32", "appartment": "25"}}, {"model": "app_orders.order", "pk": 86, "fields": {"first_name": "Janee", "last_name": "Johnson", "email": "Janee@btre.com", "phone": "333333333", "postal_code": "606460", "region": "\u041d\u0438\u0436\u0435\u0433\u043e\u0440\u043e\u0434\u0441\u043a\u0430\u044f \u043e\u0431\u043b.", "city": "\u0411\u043e\u0440", "street": "\u041f\u0435\u0440\u0440\u043e\u043d\u043d\u0430\u044f \u0434. 6", "building": "32", "appartment": "25"}}, {"model": "app_orders.order", "pk": 87, "fields": {"first_name": "Janee", "last_name": "Johnson", "email": "Janee@btre.com", "phone": "333333333", "postal_code": "606460", "region": "\u041d\u0438\u0436\u0435\u0433\u043e\u0440\u043e\u0434\u0441\u043a\u0430\u044f \u043e\u0431\u043b.", "city": "\u0411\u043e\u0440", "street": "\u041f\u0435\u0440\u0440\u043e\u043d\u043d\u0430\u044f \u0434. 6", "building": "32", "appartment": "25"}}, {"model": "app_orders.order", "pk": 88, "fields": {"first_name": "", "last_name": "", "email": "", "phone": "", "postal_code": "", "region": "", "city": "", "street": "", "building": "", "appartment": ""}}, {"model": "app_orders.order", "pk": 89, "fields": {"first_name": "", "last_name": "", "email": "", "phone": "", "postal_code": "", "region": "", "city": "", "street": "", "building": "", "appartment": ""}}, {"model": "app_orders.order", "pk": 90, "fields": {"first_name": "", "last_name": "", "email": "", "phone": "", "postal_code": "", "region": "", "city": "", "street": "", "building": "", "appartment": ""}}, {"model": "app_orders.order", "pk": 91, "fields": {"first_name": "", "last_name": "", "email": "", "phone": "", "postal_code": "", "region": "", "city": "", "street": "", "building": "", "appartment": ""}}, {"model": "app_orders.order", "pk": 92, "fields": {"first_name": "Janee", "last_name": "Johnson", "email": "Janee@btre.com", "phone": "333333333", "postal_code": "606460", "region": "\u041d\u0438\u0436\u0435\u0433\u043e\u0440\u043e\u0434\u0441\u043a\u0430\u044f \u043e\u0431\u043b.", "city": "\u0411\u043e\u0440", "street": "\u041f\u0435\u0440\u0440\u043e\u043d\u043d\u0430\u044f \u0434. 6", "building": "32", "appartment": "8"}}, {"model": "app_orders.order", "pk": 93, "fields": {"first_name": "", "last_name": "", "email": "", "phone": "", "postal_code": "", "region": "", "city": "", "street": "", "building": "", "appartment": ""}}, {"model": "app_orders.order", "pk": 94, "fields": {"first_name": "", "last_name": "", "email": "", "phone": "", "postal_code": "", "region": "", "city": "", "street": "", "building": "", "appartment": ""}}, {"model": "app_orders.orderitem", "pk": 42, "fields": {"product": "Vivo Move Sport", "order": 6, "price": "0.00", "quantity": 1}}, {"model": "app_orders.orderitem", "pk": 43, "fields": {"product": "Vivo Move Sport", "order": 7, "price": "0.00", "quantity": 1}}, {"model": "app_orders.orderitem", "pk": 44, "fields": {"product": "Vivo Move Sport", "order": 8, "price": "0.00", "quantity": 1}}, {"model": "app_orders.orderitem", "pk": 45, "fields": {"product": "Honor 8A", "order": 8, "price": "0.00", "quantity": 1}}, {"model": "app_orders.orderitem", "pk": 46, "fields": {"product": "Honor 8A", "order": 12, "price": "0.00", "quantity": 1}}, {"model": "app_orders.orderitem", "pk": 47, "fields": {"product": "Honor 8A", "order": 13, "price": "0.00", "quantity": 2}}, {"model": "app_orders.orderitem", "pk": 48, "fields": {"product": "Vivo Move Sport", "order": 13, "price": "0.00", "quantity": 3}}, {"model": "app_orders.orderitem", "pk": 49, "fields": {"product": "Vivo Move Sport", "order": 14, "price": "0.00", "quantity": 3}}, {"model": "app_orders.orderitem", "pk": 50, "fields": {"product": "Honor 7A", "order": 15, "price": "0.00", "quantity": 4}}, {"model": "app_orders.orderitem", "pk": 51, "fields": {"product": "MicroSD 8GB", "order": 15, "price": "0.00", "quantity": 4}}, {"model": "app_orders.orderitem", "pk": 52, "fields": {"product": "Vivo Move Sport", "order": 15, "price": "0.00", "quantity": 1}}, {"model": "app_orders.orderitem", "pk": 53, "fields": {"product": "Honor 7A", "order": 16, "price": "0.00", "quantity": 1}}, {"model": "app_orders.orderitem", "pk": 54, "fields": {"product": "Honor 7A", "order": 17, "price": "0.00", "quantity": 1}}, {"model": "app_orders.orderitem", "pk": 55, "fields": {"product": "Honor 7A", "order": 18, "price": "13000.00", "quantity": 1}}, {"model": "app_orders.orderitem", "pk": 56, "fields": {"product": "MicroSD 8GB", "order": 18, "price": "590.00", "quantity": 1}}, {"model": "app_orders.orderitem", "pk": 57, "fields": {"product": "Honor 7A", "order": 19, "price": "13000.00", "quantity": 1}}, {"model": "app_orders.orderitem", "pk": 58, "fields": {"product": "MicroSD 8GB", "order": 19, "price": "590.00", "quantity": 1}}, {"model": "app_orders.orderitem", "pk": 59, "fields": {"product": "Honor 7A", "order": 20, "price": "13000.00", "quantity": 1}}, {"model": "app_orders.orderitem", "pk": 60, "fields": {"product": "MicroSD 8GB", "order": 20, "price": "590.00", "quantity": 1}}, {"model": "app_orders.orderitem", "pk": 61, "fields": {"product": "Honor 7A", "order": 21, "price": "13000.00", "quantity": 1}}, {"model": "app_orders.orderitem", "pk": 62, "fields": {"product": "MicroSD 8GB", "order": 21, "price": "590.00", "quantity": 1}}, {"model": "app_orders.orderitem", "pk": 63, "fields": {"product": "Honor 7A", "order": 22, "price": "13000.00", "quantity": 1}}, {"model": "app_orders.orderitem", "pk": 64, "fields": {"product": "MicroSD 8GB", "order": 22, "price": "590.00", "quantity": 1}}, {"model": "app_orders.orderitem", "pk": 65, "fields": {"product": "Honor 7A", "order": 23, "price": "13000.00", "quantity": 1}}, {"model": "app_orders.orderitem", "pk": 66, "fields": {"product": "MicroSD 8GB", "order": 23, "price": "590.00", "quantity": 1}}, {"model": "app_orders.orderitem", "pk": 67, "fields": {"product": "Honor 7A", "order": 24, "price": "13000.00", "quantity": 1}}, {"model": "app_orders.orderitem", "pk": 68, "fields": {"product": "MicroSD 8GB", "order": 24, "price": "590.00", "quantity": 1}}, {"model": "app_orders.orderitem", "pk": 69, "fields": {"product": "Honor 7A", "order": 25, "price": "13000.00", "quantity": 1}}, {"model": "app_orders.orderitem", "pk": 70, "fields": {"product": "MicroSD 8GB", "order": 25, "price": "590.00", "quantity": 1}}, {"model": "app_orders.orderitem", "pk": 71, "fields": {"product": "Honor 7A", "order": 26, "price": "13000.00", "quantity": 1}}, {"model": "app_orders.orderitem", "pk": 72, "fields": {"product": "MicroSD 8GB", "order": 26, "price": "590.00", "quantity": 1}}, {"model": "app_orders.orderitem", "pk": 73, "fields": {"product": "Honor 7A", "order": 27, "price": "13000.00", "quantity": 1}}, {"model": "app_orders.orderitem", "pk": 74, "fields": {"product": "MicroSD 8GB", "order": 27, "price": "590.00", "quantity": 1}}, {"model": "app_orders.orderitem", "pk": 75, "fields": {"product": "Honor 7A", "order": 28, "price": "13000.00", "quantity": 1}}, {"model": "app_orders.orderitem", "pk": 76, "fields": {"product": "MicroSD 8GB", "order": 28, "price": "590.00", "quantity": 1}}, {"model": "app_orders.orderitem", "pk": 77, "fields": {"product": "Honor 7A", "order": 29, "price": "13000.00", "quantity": 1}}, {"model": "app_orders.orderitem", "pk": 78, "fields": {"product": "MicroSD 8GB", "order": 29, "price": "590.00", "quantity": 1}}, {"model": "app_orders.orderitem", "pk": 79, "fields": {"product": "Honor 7A", "order": 30, "price": "13000.00", "quantity": 1}}, {"model": "app_orders.orderitem", "pk": 80, "fields": {"product": "MicroSD 8GB", "order": 30, "price": "590.00", "quantity": 1}}, {"model": "app_orders.orderitem", "pk": 81, "fields": {"product": "Honor 7A", "order": 31, "price": "13000.00", "quantity": 1}}, {"model": "app_orders.orderitem", "pk": 82, "fields": {"product": "MicroSD 8GB", "order": 31, "price": "590.00", "quantity": 1}}, {"model": "app_orders.orderitem", "pk": 83, "fields": {"product": "Honor 7A", "order": 32, "price": "13000.00", "quantity": 1}}, {"model": "app_orders.orderitem", "pk": 84, "fields": {"product": "MicroSD 8GB", "order": 32, "price": "590.00", "quantity": 1}}, {"model": "app_orders.orderitem", "pk": 85, "fields": {"product": "Honor 7A", "order": 33, "price": "13000.00", "quantity": 1}}, {"model": "app_orders.orderitem", "pk": 86, "fields": {"product": "MicroSD 8GB", "order": 33, "price": "590.00", "quantity": 1}}, {"model": "app_orders.orderitem", "pk": 87, "fields": {"product": "Honor 7A", "order": 34, "price": "13000.00", "quantity": 1}}, {"model": "app_orders.orderitem", "pk": 88, "fields": {"product": "MicroSD 8GB", "order": 34, "price": "590.00", "quantity": 1}}, {"model": "app_orders.orderitem", "pk": 89, "fields": {"product": "Honor 7A", "order": 35, "price": "13000.00", "quantity": 1}}, {"model": "app_orders.orderitem", "pk": 90, "fields": {"product": "MicroSD 8GB", "order": 35, "price": "590.00", "quantity": 1}}, {"model": "app_orders.orderitem", "pk": 91, "fields": {"product": "Honor 7A", "order": 36, "price": "13000.00", "quantity": 1}}, {"model": "app_orders.orderitem", "pk": 92, "fields": {"product": "MicroSD 8GB", "order": 36, "price": "590.00", "quantity": 1}}, {"model": "app_orders.orderitem", "pk": 93, "fields": {"product": "Honor 7A", "order": 37, "price": "13000.00", "quantity": 1}}, {"model": "app_orders.orderitem", "pk": 94, "fields": {"product": "MicroSD 8GB", "order": 37, "price": "590.00", "quantity": 1}}, {"model": "app_orders.orderitem", "pk": 95, "fields": {"product": "Honor 7A", "order": 38, "price": "13000.00", "quantity": 1}}, {"model": "app_orders.orderitem", "pk": 96, "fields": {"product": "MicroSD 8GB", "order": 38, "price": "590.00", "quantity": 1}}, {"model": "app_orders.orderitem", "pk": 97, "fields": {"product": "Honor 7A", "order": 39, "price": "13000.00", "quantity": 1}}, {"model": "app_orders.orderitem", "pk": 98, "fields": {"product": "MicroSD 8GB", "order": 39, "price": "590.00", "quantity": 1}}, {"model": "app_orders.orderitem", "pk": 99, "fields": {"product": "Honor 7A", "order": 40, "price": "13000.00", "quantity": 1}}, {"model": "app_orders.orderitem", "pk": 100, "fields": {"product": "MicroSD 8GB", "order": 40, "price": "590.00", "quantity": 1}}, {"model": "app_orders.orderitem", "pk": 101, "fields": {"product": "Honor 7A", "order": 41, "price": "13000.00", "quantity": 1}}, {"model": "app_orders.orderitem", "pk": 102, "fields": {"product": "MicroSD 8GB", "order": 41, "price": "590.00", "quantity": 1}}, {"model": "app_orders.orderitem", "pk": 103, "fields": {"product": "Honor 7A", "order": 42, "price": "13000.00", "quantity": 1}}, {"model": "app_orders.orderitem", "pk": 104, "fields": {"product": "MicroSD 8GB", "order": 42, "price": "590.00", "quantity": 1}}, {"model": "app_orders.orderitem", "pk": 105, "fields": {"product": "Honor 7A", "order": 43, "price": "13000.00", "quantity": 1}}, {"model": "app_orders.orderitem", "pk": 106, "fields": {"product": "MicroSD 8GB", "order": 43, "price": "590.00", "quantity": 1}}, {"model": "app_orders.orderitem", "pk": 107, "fields": {"product": "Honor 7A", "order": 44, "price": "13000.00", "quantity": 1}}, {"model": "app_orders.orderitem", "pk": 108, "fields": {"product": "MicroSD 8GB", "order": 44, "price": "590.00", "quantity": 1}}, {"model": "app_orders.orderitem", "pk": 109, "fields": {"product": "Honor 7A", "order": 45, "price": "13000.00", "quantity": 1}}, {"model": "app_orders.orderitem", "pk": 110, "fields": {"product": "MicroSD 8GB", "order": 45, "price": "590.00", "quantity": 1}}, {"model": "app_orders.orderitem", "pk": 111, "fields": {"product": "Honor 7A", "order": 46, "price": "13000.00", "quantity": 1}}, {"model": "app_orders.orderitem", "pk": 112, "fields": {"product": "MicroSD 8GB", "order": 46, "price": "590.00", "quantity": 1}}, {"model": "app_orders.orderitem", "pk": 113, "fields": {"product": "Honor 7A", "order": 47, "price": "13000.00", "quantity": 1}}, {"model": "app_orders.orderitem", "pk": 114, "fields": {"product": "MicroSD 8GB", "order": 47, "price": "590.00", "quantity": 1}}, {"model": "app_orders.orderitem", "pk": 115, "fields": {"product": "Honor 7A", "order": 48, "price": "13000.00", "quantity": 1}}, {"model": "app_orders.orderitem", "pk": 116, "fields": {"product": "MicroSD 8GB", "order": 48, "price": "590.00", "quantity": 1}}, {"model": "app_orders.orderitem", "pk": 117, "fields": {"product": "Honor 7A", "order": 49, "price": "13000.00", "quantity": 1}}, {"model": "app_orders.orderitem", "pk": 118, "fields": {"product": "MicroSD 8GB", "order": 49, "price": "590.00", "quantity": 1}}, {"model": "app_orders.orderitem", "pk": 119, "fields": {"product": "Honor 7A", "order": 50, "price": "13000.00", "quantity": 1}}, {"model": "app_orders.orderitem", "pk": 120, "fields": {"product": "MicroSD 8GB", "order": 50, "price": "590.00", "quantity": 1}}, {"model": "app_orders.orderitem", "pk": 121, "fields": {"product": "Honor 7A", "order": 51, "price": "13000.00", "quantity": 1}}, {"model": "app_orders.orderitem", "pk": 122, "fields": {"product": "MicroSD 8GB", "order": 51, "price": "590.00", "quantity": 1}}, {"model": "app_orders.orderitem", "pk": 123, "fields": {"product": "Honor 7A", "order": 52, "price": "13000.00", "quantity": 1}}, {"model": "app_orders.orderitem", "pk": 124, "fields": {"product": "MicroSD 8GB", "order": 52, "price": "590.00", "quantity": 1}}, {"model": "app_orders.orderitem", "pk": 125, "fields": {"product": "Honor 7A", "order": 53, "price": "13000.00", "quantity": 1}}, {"model": "app_orders.orderitem", "pk": 126, "fields": {"product": "MicroSD 8GB", "order": 53, "price": "590.00", "quantity": 1}}, {"model": "app_orders.orderitem", "pk": 127, "fields": {"product": "Honor 7A", "order": 54, "price": "13000.00", "quantity": 1}}, {"model": "app_orders.orderitem", "pk": 128, "fields": {"product": "MicroSD 8GB", "order": 54, "price": "590.00", "quantity": 1}}, {"model": "app_orders.orderitem", "pk": 129, "fields": {"product": "Honor 7A", "order": 55, "price": "13000.00", "quantity": 1}}, {"model": "app_orders.orderitem", "pk": 130, "fields": {"product": "MicroSD 8GB", "order": 55, "price": "590.00", "quantity": 1}}, {"model": "app_orders.orderitem", "pk": 131, "fields": {"product": "Honor 7A", "order": 56, "price": "13000.00", "quantity": 1}}, {"model": "app_orders.orderitem", "pk": 132, "fields": {"product": "MicroSD 8GB", "order": 56, "price": "590.00", "quantity": 1}}, {"model": "app_orders.orderitem", "pk": 133, "fields": {"product": "Honor 7A", "order": 57, "price": "13000.00", "quantity": 1}}, {"model": "app_orders.orderitem", "pk": 134, "fields": {"product": "MicroSD 8GB", "order": 57, "price": "590.00", "quantity": 1}}, {"model": "app_orders.orderitem", "pk": 135, "fields": {"product": "Honor 7A", "order": 58, "price": "0.00", "quantity": 1}}, {"model": "app_orders.orderitem", "pk": 136, "fields": {"product": "MicroSD 8GB", "order": 58, "price": "0.00", "quantity": 1}}, {"model": "app_orders.orderitem", "pk": 137, "fields": {"product": "Honor 7A", "order": 59, "price": "13000.00", "quantity": 1}}, {"model": "app_orders.orderitem", "pk": 138, "fields": {"product": "Honor 7A", "order": 60, "price": "13000.00", "quantity": 1}}, {"model": "app_orders.orderitem", "pk": 139, "fields": {"product": "Honor 7A", "order": 61, "price": "0.00", "quantity": 1}}, {"model": "app_orders.orderitem", "pk": 140, "fields": {"product": "Honor 7A", "order": 62, "price": "0.00", "quantity": 1}}, {"model": "app_orders.orderitem", "pk": 141, "fields": {"product": "Honor 7A", "order": 63, "price": "13000.00", "quantity": 1}}, {"model": "app_orders.orderitem", "pk": 142, "fields": {"product": "Honor 7A", "order": 64, "price": "13000.00", "quantity": 1}}, {"model": "app_orders.orderitem", "pk": 143, "fields": {"product": "Honor 7A", "order": 65, "price": "13000.00", "quantity": 1}}, {"model": "app_orders.orderitem", "pk": 144, "fields": {"product": "Honor 7A", "order": 66, "price": "13000.00", "quantity": 1}}, {"model": "app_orders.orderitem", "pk": 145, "fields": {"product": "Honor 7A", "order": 67, "price": "13000.00", "quantity": 1}}, {"model": "app_orders.orderitem", "pk": 146, "fields": {"product": "Honor 7A", "order": 68, "price": "13000.00", "quantity": 1}}, {"model": "app_orders.orderitem", "pk": 147, "fields": {"product": "Honor 7A", "order": 69, "price": "13000.00", "quantity": 1}}, {"model": "app_orders.orderitem", "pk": 148, "fields": {"product": "Honor 7A", "order": 70, "price": "13000.00", "quantity": 1}}, {"model": "app_orders.orderitem", "pk": 149, "fields": {"product": "Honor 7A", "order": 71, "price": "13000.00", "quantity": 1}}, {"model": "app_orders.orderitem", "pk": 150, "fields": {"product": "Honor 7A", "order": 72, "price": "13000.00", "quantity": 1}}, {"model": "app_orders.orderitem", "pk": 151, "fields": {"product": "Honor 7A", "order": 73, "price": "13000.00", "quantity": 1}}, {"model": "app_orders.orderitem", "pk": 152, "fields": {"product": "Honor 7A", "order": 74, "price": "13000.00", "quantity": 1}}, {"model": "app_orders.orderitem", "pk": 153, "fields": {"product": "Honor 7A", "order": 75, "price": "13000.00", "quantity": 1}}, {"model": "app_orders.orderitem", "pk": 154, "fields": {"product": "Honor 7A", "order": 76, "price": "13000.00", "quantity": 1}}, {"model": "app_orders.orderitem", "pk": 155, "fields": {"product": "Honor 7A", "order": 77, "price": "13000.00", "quantity": 1}}, {"model": "app_orders.orderitem", "pk": 156, "fields": {"product": "Honor 7A", "order": 78, "price": "13000.00", "quantity": 1}}, {"model": "app_orders.orderitem", "pk": 157, "fields": {"product": "Honor 7A", "order": 79, "price": "13000.00", "quantity": 1}}, {"model": "app_orders.orderitem", "pk": 158, "fields": {"product": "Honor 7A", "order": 80, "price": "13000.00", "quantity": 1}}, {"model": "app_orders.orderitem", "pk": 159, "fields": {"product": "Honor 7A", "order": 81, "price": "13000.00", "quantity": 1}}, {"model": "app_orders.orderitem", "pk": 160, "fields": {"product": "Honor 7A", "order": 82, "price": "13000.00", "quantity": 1}}, {"model": "app_orders.orderitem", "pk": 161, "fields": {"product": "Honor 7A", "order": 83, "price": "13000.00", "quantity": 1}}, {"model": "app_orders.orderitem", "pk": 162, "fields": {"product": "Honor 7A", "order": 84, "price": "0.00", "quantity": 1}}, {"model": "app_orders.orderitem", "pk": 163, "fields": {"product": "Honor 7A", "order": 85, "price": "0.00", "quantity": 1}}, {"model": "app_orders.orderitem", "pk": 164, "fields": {"product": "Honor 7A", "order": 86, "price": "0.00", "quantity": 1}}, {"model": "app_orders.orderitem", "pk": 165, "fields": {"product": "Honor 7A", "order": 87, "price": "0.00", "quantity": 1}}, {"model": "app_orders.orderitem", "pk": 166, "fields": {"product": "Honor 7A", "order": 88, "price": "13000.00", "quantity": 1}}, {"model": "app_orders.orderitem", "pk": 167, "fields": {"product": "Honor 7A", "order": 89, "price": "13000.00", "quantity": 1}}, {"model": "app_orders.orderitem", "pk": 168, "fields": {"product": "Honor 7A", "order": 90, "price": "13000.00", "quantity": 1}}, {"model": "app_orders.orderitem", "pk": 169, "fields": {"product": "Honor 7A", "order": 91, "price": "13000.00", "quantity": 1}}, {"model": "app_orders.orderitem", "pk": 170, "fields": {"product": "Honor 7A", "order": 92, "price": "0.00", "quantity": 1}}, {"model": "app_orders.orderitem", "pk": 171, "fields": {"product": "Honor 7A", "order": 93, "price": "13000.00", "quantity": 1}}, {"model": "app_orders.orderitem", "pk": 172, "fields": {"product": "Honor 7A", "order": 94, "price": "13000.00", "quantity": 1}}, {"model": "auth.permission", "pk": 1, "fields": {"name": "Can add log entry", "content_type": 1, "codename": "add_logentry"}}, {"model": "auth.permission", "pk": 2, "fields": {"name": "Can change log entry", "content_type": 1, "codename": "change_logentry"}}, {"model": "auth.permission", "pk": 3, "fields": {"name": "Can delete log entry", "content_type": 1, "codename": "delete_logentry"}}, {"model": "auth.permission", "pk": 4, "fields": {"name": "Can view log entry", "content_type": 1, "codename": "view_logentry"}}, {"model": "auth.permission", "pk": 5, "fields": {"name": "Can add permission", "content_type": 2, "codename": "add_permission"}}, {"model": "auth.permission", "pk": 6, "fields": {"name": "Can change permission", "content_type": 2, "codename": "change_permission"}}, {"model": "auth.permission", "pk": 7, "fields": {"name": "Can delete permission", "content_type": 2, "codename": "delete_permission"}}, {"model": "auth.permission", "pk": 8, "fields": {"name": "Can view permission", "content_type": 2, "codename": "view_permission"}}, {"model": "auth.permission", "pk": 9, "fields": {"name": "Can add group", "content_type": 3, "codename": "add_group"}}, {"model": "auth.permission", "pk": 10, "fields": {"name": "Can change group", "content_type": 3, "codename": "change_group"}}, {"model": "auth.permission", "pk": 11, "fields": {"name": "Can delete group", "content_type": 3, "codename": "delete_group"}}, {"model": "auth.permission", "pk": 12, "fields": {"name": "Can view group", "content_type": 3, "codename": "view_group"}}, {"model": "auth.permission", "pk": 13, "fields": {"name": "Can add user", "content_type": 4, "codename": "add_user"}}, {"model": "auth.permission", "pk": 14, "fields": {"name": "Can change user", "content_type": 4, "codename": "change_user"}}, {"model": "auth.permission", "pk": 15, "fields": {"name": "Can delete user", "content_type": 4, "codename": "delete_user"}}, {"model": "auth.permission", "pk": 16, "fields": {"name": "Can view user", "content_type": 4, "codename": "view_user"}}, {"model": "auth.permission", "pk": 17, "fields": {"name": "Can add content type", "content_type": 5, "codename": "add_contenttype"}}, {"model": "auth.permission", "pk": 18, "fields": {"name": "Can change content type", "content_type": 5, "codename": "change_contenttype"}}, {"model": "auth.permission", "pk": 19, "fields": {"name": "Can delete content type", "content_type": 5, "codename": "delete_contenttype"}}, {"model": "auth.permission", "pk": 20, "fields": {"name": "Can view content type", "content_type": 5, "codename": "view_contenttype"}}, {"model": "auth.permission", "pk": 21, "fields": {"name": "Can add session", "content_type": 6, "codename": "add_session"}}, {"model": "auth.permission", "pk": 22, "fields": {"name": "Can change session", "content_type": 6, "codename": "change_session"}}, {"model": "auth.permission", "pk": 23, "fields": {"name": "Can delete session", "content_type": 6, "codename": "delete_session"}}, {"model": "auth.permission", "pk": 24, "fields": {"name": "Can view session", "content_type": 6, "codename": "view_session"}}, {"model": "auth.permission", "pk": 25, "fields": {"name": "Can add cart", "content_type": 7, "codename": "add_cart"}}, {"model": "auth.permission", "pk": 26, "fields": {"name": "Can change cart", "content_type": 7, "codename": "change_cart"}}, {"model": "auth.permission", "pk": 27, "fields": {"name": "Can delete cart", "content_type": 7, "codename": "delete_cart"}}, {"model": "auth.permission", "pk": 28, "fields": {"name": "Can view cart", "content_type": 7, "codename": "view_cart"}}, {"model": "auth.permission", "pk": 29, "fields": {"name": "Can add brand", "content_type": 8, "codename": "add_brand"}}, {"model": "auth.permission", "pk": 30, "fields": {"name": "Can change brand", "content_type": 8, "codename": "change_brand"}}, {"model": "auth.permission", "pk": 31, "fields": {"name": "Can delete brand", "content_type": 8, "codename": "delete_brand"}}, {"model": "auth.permission", "pk": 32, "fields": {"name": "Can view brand", "content_type": 8, "codename": "view_brand"}}, {"model": "auth.permission", "pk": 33, "fields": {"name": "Can add category", "content_type": 9, "codename": "add_category"}}, {"model": "auth.permission", "pk": 34, "fields": {"name": "Can change category", "content_type": 9, "codename": "change_category"}}, {"model": "auth.permission", "pk": 35, "fields": {"name": "Can delete category", "content_type": 9, "codename": "delete_category"}}, {"model": "auth.permission", "pk": 36, "fields": {"name": "Can view category", "content_type": 9, "codename": "view_category"}}, {"model": "auth.permission", "pk": 37, "fields": {"name": "Can add product", "content_type": 10, "codename": "add_product"}}, {"model": "auth.permission", "pk": 38, "fields": {"name": "Can change product", "content_type": 10, "codename": "change_product"}}, {"model": "auth.permission", "pk": 39, "fields": {"name": "Can delete product", "content_type": 10, "codename": "delete_product"}}, {"model": "auth.permission", "pk": 40, "fields": {"name": "Can view product", "content_type": 10, "codename": "view_product"}}, {"model": "auth.permission", "pk": 41, "fields": {"name": "Can add cart item", "content_type": 11, "codename": "add_cartitem"}}, {"model": "auth.permission", "pk": 42, "fields": {"name": "Can change cart item", "content_type": 11, "codename": "change_cartitem"}}, {"model": "auth.permission", "pk": 43, "fields": {"name": "Can delete cart item", "content_type": 11, "codename": "delete_cartitem"}}, {"model": "auth.permission", "pk": 44, "fields": {"name": "Can view cart item", "content_type": 11, "codename": "view_cartitem"}}, {"model": "auth.permission", "pk": 45, "fields": {"name": "Can add OrderItem", "content_type": 12, "codename": "add_orderitem"}}, {"model": "auth.permission", "pk": 46, "fields": {"name": "Can change OrderItem", "content_type": 12, "codename": "change_orderitem"}}, {"model": "auth.permission", "pk": 47, "fields": {"name": "Can delete OrderItem", "content_type": 12, "codename": "delete_orderitem"}}, {"model": "auth.permission", "pk": 48, "fields": {"name": "Can view OrderItem", "content_type": 12, "codename": "view_orderitem"}}, {"model": "auth.permission", "pk": 49, "fields": {"name": "Can add order", "content_type": 13, "codename": "add_order"}}, {"model": "auth.permission", "pk": 50, "fields": {"name": "Can change order", "content_type": 13, "codename": "change_order"}}, {"model": "auth.permission", "pk": 51, "fields": {"name": "Can delete order", "content_type": 13, "codename": "delete_order"}}, {"model": "auth.permission", "pk": 52, "fields": {"name": "Can view order", "content_type": 13, "codename": "view_order"}}, {"model": "auth.permission", "pk": 53, "fields": {"name": "Can add accessories", "content_type": 14, "codename": "add_accessories"}}, {"model": "auth.permission", "pk": 54, "fields": {"name": "Can change accessories", "content_type": 14, "codename": "change_accessories"}}, {"model": "auth.permission", "pk": 55, "fields": {"name": "Can delete accessories", "content_type": 14, "codename": "delete_accessories"}}, {"model": "auth.permission", "pk": 56, "fields": {"name": "Can view accessories", "content_type": 14, "codename": "view_accessories"}}, {"model": "auth.permission", "pk": 57, "fields": {"name": "Can add accessory", "content_type": 14, "codename": "add_accessory"}}, {"model": "auth.permission", "pk": 58, "fields": {"name": "Can change accessory", "content_type": 14, "codename": "change_accessory"}}, {"model": "auth.permission", "pk": 59, "fields": {"name": "Can delete accessory", "content_type": 14, "codename": "delete_accessory"}}, {"model": "auth.permission", "pk": 60, "fields": {"name": "Can view accessory", "content_type": 14, "codename": "view_accessory"}}, {"model": "auth.user", "pk": 1, "fields": {"password": "pbkdf2_sha256$180000$MGT06CsQ4Pfg$zcgbK/TrrYL/g/0CA8MB96QRnnX2kV6LeyC1g8vnJfg=", "last_login": "2020-06-11T21:41:28.039Z", "is_superuser": true, "username": "NetMaster", "first_name": "\u0421\u0435\u0440\u0433\u0435\u0439", "last_name": "\u0412\u0438\u043d\u043e\u043a\u0443\u0440\u043e\u0432", "email": "79200711112@yandex.ru", "is_staff": true, "is_active": true, "date_joined": "2020-04-04T12:37:58Z", "groups": [], "user_permissions": []}}, {"model": "auth.user", "pk": 10, "fields": {"password": "222", "last_login": "2020-04-07T23:32:48.813Z", "is_superuser": false, "username": "test", "first_name": "test", "last_name": "test", "email": "test@test.com", "is_staff": false, "is_active": true, "date_joined": "2020-04-07T23:32:46.095Z", "groups": [], "user_permissions": []}}, {"model": "auth.user", "pk": 11, "fields": {"password": "pbkdf2_sha256$180000$lTIpR3RkeJnr$NMZBjz25Kai3aTiBL83vnjM/K4gjQsgVglMgImG0drQ=", "last_login": "2020-04-21T22:02:39.367Z", "is_superuser": true, "username": "NetUser", "first_name": "", "last_name": "", "email": "netuser@yan.ru", "is_staff": true, "is_active": true, "date_joined": "2020-04-21T21:59:04.558Z", "groups": [], "user_permissions": []}}, {"model": "admin.logentry", "pk": 1, "fields": {"action_time": "2020-04-04T12:45:14.328Z", "user": 1, "content_type": 8, "object_id": "1", "object_repr": "Honor", "action_flag": 1, "change_message": "[{\"added\": {}}]"}}, {"model": "admin.logentry", "pk": 2, "fields": {"action_time": "2020-04-04T12:45:24.709Z", "user": 1, "content_type": 8, "object_id": "2", "object_repr": "Samsung", "action_flag": 1, "change_message": "[{\"added\": {}}]"}}, {"model": "admin.logentry", "pk": 3, "fields": {"action_time": "2020-04-04T12:45:33.487Z", "user": 1, "content_type": 8, "object_id": "3", "object_repr": "Huawei", "action_flag": 1, "change_message": "[{\"added\": {}}]"}}, {"model": "admin.logentry", "pk": 4, "fields": {"action_time": "2020-04-04T12:45:47.385Z", "user": 1, "content_type": 8, "object_id": "4", "object_repr": "Garmin", "action_flag": 1, "change_message": "[{\"added\": {}}]"}}, {"model": "admin.logentry", "pk": 5, "fields": {"action_time": "2020-04-04T12:46:02.541Z", "user": 1, "content_type": 8, "object_id": "5", "object_repr": "Xiaomi", "action_flag": 1, "change_message": "[{\"added\": {}}]"}}, {"model": "admin.logentry", "pk": 6, "fields": {"action_time": "2020-04-04T12:46:24.138Z", "user": 1, "content_type": 9, "object_id": "1", "object_repr": "Smartphones", "action_flag": 1, "change_message": "[{\"added\": {}}]"}}, {"model": "admin.logentry", "pk": 7, "fields": {"action_time": "2020-04-04T12:46:34.028Z", "user": 1, "content_type": 9, "object_id": "2", "object_repr": "Button", "action_flag": 1, "change_message": "[{\"added\": {}}]"}}, {"model": "admin.logentry", "pk": 8, "fields": {"action_time": "2020-04-04T12:46:43.849Z", "user": 1, "content_type": 9, "object_id": "3", "object_repr": "Smartwatch", "action_flag": 1, "change_message": "[{\"added\": {}}]"}}, {"model": "admin.logentry", "pk": 9, "fields": {"action_time": "2020-04-04T12:47:07.476Z", "user": 1, "content_type": 9, "object_id": "4", "object_repr": "Sim_card", "action_flag": 1, "change_message": "[{\"added\": {}}]"}}, {"model": "admin.logentry", "pk": 10, "fields": {"action_time": "2020-04-04T12:47:24.726Z", "user": 1, "content_type": 9, "object_id": "5", "object_repr": "Lte routers & modems", "action_flag": 1, "change_message": "[{\"added\": {}}]"}}, {"model": "admin.logentry", "pk": 11, "fields": {"action_time": "2020-04-04T12:48:52.526Z", "user": 1, "content_type": 10, "object_id": "1", "object_repr": "Honor 7A", "action_flag": 1, "change_message": "[{\"added\": {}}]"}}, {"model": "admin.logentry", "pk": 12, "fields": {"action_time": "2020-04-04T14:17:32.323Z", "user": 1, "content_type": 10, "object_id": "1", "object_repr": "Honor 7A", "action_flag": 2, "change_message": "[{\"changed\": {\"fields\": [\"Image\"]}}]"}}, {"model": "admin.logentry", "pk": 13, "fields": {"action_time": "2020-04-04T15:24:21.228Z", "user": 1, "content_type": 10, "object_id": "2", "object_repr": "Vivo Move Sport", "action_flag": 1, "change_message": "[{\"added\": {}}]"}}, {"model": "admin.logentry", "pk": 14, "fields": {"action_time": "2020-04-04T15:25:10.251Z", "user": 1, "content_type": 10, "object_id": "1", "object_repr": "Honor 7A", "action_flag": 2, "change_message": "[{\"changed\": {\"fields\": [\"Category\"]}}]"}}, {"model": "admin.logentry", "pk": 15, "fields": {"action_time": "2020-04-04T15:45:56.056Z", "user": 1, "content_type": 9, "object_id": "6", "object_repr": "Accessory", "action_flag": 1, "change_message": "[{\"added\": {}}]"}}, {"model": "admin.logentry", "pk": 16, "fields": {"action_time": "2020-04-06T18:58:45.708Z", "user": 1, "content_type": 4, "object_id": "1", "object_repr": "NetMaster", "action_flag": 2, "change_message": "[{\"changed\": {\"fields\": [\"First name\", \"Last name\"]}}]"}}, {"model": "admin.logentry", "pk": 17, "fields": {"action_time": "2020-04-06T19:30:20.114Z", "user": 1, "content_type": 13, "object_id": "16", "object_repr": "Order object (16)", "action_flag": 2, "change_message": "[]"}}, {"model": "admin.logentry", "pk": 18, "fields": {"action_time": "2020-04-07T10:34:09.574Z", "user": 1, "content_type": 13, "object_id": "1", "object_repr": "Order object (1)", "action_flag": 3, "change_message": ""}}, {"model": "admin.logentry", "pk": 19, "fields": {"action_time": "2020-04-07T10:34:09.736Z", "user": 1, "content_type": 13, "object_id": "2", "object_repr": "Order object (2)", "action_flag": 3, "change_message": ""}}, {"model": "admin.logentry", "pk": 20, "fields": {"action_time": "2020-04-07T10:34:09.881Z", "user": 1, "content_type": 13, "object_id": "3", "object_repr": "Order object (3)", "action_flag": 3, "change_message": ""}}, {"model": "admin.logentry", "pk": 21, "fields": {"action_time": "2020-04-07T10:34:10.022Z", "user": 1, "content_type": 13, "object_id": "4", "object_repr": "Order object (4)", "action_flag": 3, "change_message": ""}}, {"model": "admin.logentry", "pk": 22, "fields": {"action_time": "2020-04-07T10:34:10.146Z", "user": 1, "content_type": 13, "object_id": "5", "object_repr": "Order object (5)", "action_flag": 3, "change_message": ""}}, {"model": "admin.logentry", "pk": 23, "fields": {"action_time": "2020-04-07T10:34:10.271Z", "user": 1, "content_type": 13, "object_id": "6", "object_repr": "Order object (6)", "action_flag": 3, "change_message": ""}}, {"model": "admin.logentry", "pk": 24, "fields": {"action_time": "2020-04-07T10:34:10.441Z", "user": 1, "content_type": 13, "object_id": "7", "object_repr": "Order object (7)", "action_flag": 3, "change_message": ""}}, {"model": "admin.logentry", "pk": 25, "fields": {"action_time": "2020-04-07T10:34:10.568Z", "user": 1, "content_type": 13, "object_id": "8", "object_repr": "Order object (8)", "action_flag": 3, "change_message": ""}}, {"model": "admin.logentry", "pk": 26, "fields": {"action_time": "2020-04-07T10:34:10.704Z", "user": 1, "content_type": 13, "object_id": "9", "object_repr": "Order object (9)", "action_flag": 3, "change_message": ""}}, {"model": "admin.logentry", "pk": 27, "fields": {"action_time": "2020-04-07T10:34:10.856Z", "user": 1, "content_type": 13, "object_id": "10", "object_repr": "Order object (10)", "action_flag": 3, "change_message": ""}}, {"model": "admin.logentry", "pk": 28, "fields": {"action_time": "2020-04-07T10:34:10.952Z", "user": 1, "content_type": 13, "object_id": "11", "object_repr": "Order object (11)", "action_flag": 3, "change_message": ""}}, {"model": "admin.logentry", "pk": 29, "fields": {"action_time": "2020-04-07T10:34:11.066Z", "user": 1, "content_type": 13, "object_id": "12", "object_repr": "Order object (12)", "action_flag": 3, "change_message": ""}}, {"model": "admin.logentry", "pk": 30, "fields": {"action_time": "2020-04-07T10:34:11.187Z", "user": 1, "content_type": 13, "object_id": "13", "object_repr": "Order object (13)", "action_flag": 3, "change_message": ""}}, {"model": "admin.logentry", "pk": 31, "fields": {"action_time": "2020-04-07T10:34:11.314Z", "user": 1, "content_type": 13, "object_id": "14", "object_repr": "Order object (14)", "action_flag": 3, "change_message": ""}}, {"model": "admin.logentry", "pk": 32, "fields": {"action_time": "2020-04-07T10:34:11.433Z", "user": 1, "content_type": 13, "object_id": "15", "object_repr": "Order object (15)", "action_flag": 3, "change_message": ""}}, {"model": "admin.logentry", "pk": 33, "fields": {"action_time": "2020-04-07T10:34:11.563Z", "user": 1, "content_type": 13, "object_id": "16", "object_repr": "Order object (16)", "action_flag": 3, "change_message": ""}}, {"model": "admin.logentry", "pk": 34, "fields": {"action_time": "2020-04-07T10:34:11.701Z", "user": 1, "content_type": 13, "object_id": "17", "object_repr": "Order object (17)", "action_flag": 3, "change_message": ""}}, {"model": "admin.logentry", "pk": 35, "fields": {"action_time": "2020-04-07T10:34:11.881Z", "user": 1, "content_type": 13, "object_id": "18", "object_repr": "Order object (18)", "action_flag": 3, "change_message": ""}}, {"model": "admin.logentry", "pk": 36, "fields": {"action_time": "2020-04-07T10:34:12.011Z", "user": 1, "content_type": 13, "object_id": "19", "object_repr": "Order object (19)", "action_flag": 3, "change_message": ""}}, {"model": "admin.logentry", "pk": 37, "fields": {"action_time": "2020-04-07T10:34:12.132Z", "user": 1, "content_type": 13, "object_id": "20", "object_repr": "Order object (20)", "action_flag": 3, "change_message": ""}}, {"model": "admin.logentry", "pk": 38, "fields": {"action_time": "2020-04-07T10:34:12.254Z", "user": 1, "content_type": 13, "object_id": "21", "object_repr": "Order object (21)", "action_flag": 3, "change_message": ""}}, {"model": "admin.logentry", "pk": 39, "fields": {"action_time": "2020-04-07T23:02:08.793Z", "user": 1, "content_type": 4, "object_id": "2", "object_repr": "test", "action_flag": 3, "change_message": ""}}, {"model": "admin.logentry", "pk": 40, "fields": {"action_time": "2020-04-07T23:04:46.818Z", "user": 1, "content_type": 4, "object_id": "3", "object_repr": "test", "action_flag": 3, "change_message": ""}}, {"model": "admin.logentry", "pk": 41, "fields": {"action_time": "2020-04-07T23:06:40.499Z", "user": 1, "content_type": 4, "object_id": "4", "object_repr": "test", "action_flag": 3, "change_message": ""}}, {"model": "admin.logentry", "pk": 42, "fields": {"action_time": "2020-04-07T23:12:08.022Z", "user": 1, "content_type": 4, "object_id": "5", "object_repr": "test", "action_flag": 3, "change_message": ""}}, {"model": "admin.logentry", "pk": 43, "fields": {"action_time": "2020-04-07T23:14:39.738Z", "user": 1, "content_type": 4, "object_id": "6", "object_repr": "test", "action_flag": 3, "change_message": ""}}, {"model": "admin.logentry", "pk": 44, "fields": {"action_time": "2020-04-07T23:22:36.824Z", "user": 1, "content_type": 4, "object_id": "7", "object_repr": "test", "action_flag": 3, "change_message": ""}}, {"model": "admin.logentry", "pk": 46, "fields": {"action_time": "2020-04-07T23:29:51.340Z", "user": 1, "content_type": 4, "object_id": "9", "object_repr": "NetMaster_1", "action_flag": 3, "change_message": ""}}, {"model": "admin.logentry", "pk": 47, "fields": {"action_time": "2020-04-07T23:29:51.518Z", "user": 1, "content_type": 4, "object_id": "8", "object_repr": "test", "action_flag": 3, "change_message": ""}}, {"model": "admin.logentry", "pk": 48, "fields": {"action_time": "2020-04-09T22:10:20.285Z", "user": 1, "content_type": 14, "object_id": "1", "object_repr": "\u041d\u0430\u0443\u0448\u043d\u0438\u043a\u0438", "action_flag": 1, "change_message": "[{\"added\": {}}]"}}, {"model": "admin.logentry", "pk": 49, "fields": {"action_time": "2020-04-09T22:13:54.970Z", "user": 1, "content_type": 10, "object_id": "1", "object_repr": "Honor 7A", "action_flag": 2, "change_message": "[{\"changed\": {\"fields\": [\"Description\"]}}]"}}, {"model": "admin.logentry", "pk": 50, "fields": {"action_time": "2020-04-09T22:51:27.889Z", "user": 1, "content_type": 10, "object_id": "3", "object_repr": "Honor 8A", "action_flag": 1, "change_message": "[{\"added\": {}}]"}}, {"model": "admin.logentry", "pk": 51, "fields": {"action_time": "2020-04-09T22:52:16.952Z", "user": 1, "content_type": 14, "object_id": "1", "object_repr": "\u041d\u0430\u0443\u0448\u043d\u0438\u043a\u0438", "action_flag": 2, "change_message": "[{\"changed\": {\"fields\": [\"Link\"]}}]"}}, {"model": "admin.logentry", "pk": 52, "fields": {"action_time": "2020-04-09T22:53:08.343Z", "user": 1, "content_type": 14, "object_id": "1", "object_repr": "\u041d\u0430\u0443\u0448\u043d\u0438\u043a\u0438", "action_flag": 2, "change_message": "[{\"changed\": {\"fields\": [\"Link\"]}}]"}}, {"model": "admin.logentry", "pk": 53, "fields": {"action_time": "2020-04-09T23:03:34.747Z", "user": 1, "content_type": 14, "object_id": "1", "object_repr": "\u041d\u0430\u0443\u0448\u043d\u0438\u043a\u0438", "action_flag": 2, "change_message": "[{\"changed\": {\"fields\": [\"Image\"]}}]"}}, {"model": "admin.logentry", "pk": 54, "fields": {"action_time": "2020-04-09T23:04:22.427Z", "user": 1, "content_type": 14, "object_id": "1", "object_repr": "\u041d\u0430\u0443\u0448\u043d\u0438\u043a\u0438", "action_flag": 2, "change_message": "[{\"changed\": {\"fields\": [\"Image\"]}}]"}}, {"model": "admin.logentry", "pk": 55, "fields": {"action_time": "2020-04-09T23:04:33.379Z", "user": 1, "content_type": 14, "object_id": "1", "object_repr": "\u041d\u0430\u0443\u0448\u043d\u0438\u043a\u0438", "action_flag": 2, "change_message": "[{\"changed\": {\"fields\": [\"Image\"]}}]"}}, {"model": "admin.logentry", "pk": 56, "fields": {"action_time": "2020-04-09T23:08:25.842Z", "user": 1, "content_type": 14, "object_id": "2", "object_repr": "MicroSD 8GB", "action_flag": 1, "change_message": "[{\"added\": {}}]"}}, {"model": "admin.logentry", "pk": 57, "fields": {"action_time": "2020-04-09T23:09:51.312Z", "user": 1, "content_type": 14, "object_id": "3", "object_repr": "Cable micro/USB", "action_flag": 1, "change_message": "[{\"added\": {}}]"}}, {"model": "admin.logentry", "pk": 58, "fields": {"action_time": "2020-04-10T19:11:50.577Z", "user": 1, "content_type": 11, "object_id": "29", "object_repr": "CartItem object (29)", "action_flag": 3, "change_message": ""}}, {"model": "admin.logentry", "pk": 59, "fields": {"action_time": "2020-04-10T19:11:50.745Z", "user": 1, "content_type": 11, "object_id": "28", "object_repr": "CartItem object (28)", "action_flag": 3, "change_message": ""}}, {"model": "admin.logentry", "pk": 60, "fields": {"action_time": "2020-04-10T19:11:50.864Z", "user": 1, "content_type": 11, "object_id": "27", "object_repr": "CartItem object (27)", "action_flag": 3, "change_message": ""}}, {"model": "admin.logentry", "pk": 61, "fields": {"action_time": "2020-04-10T19:11:50.995Z", "user": 1, "content_type": 11, "object_id": "26", "object_repr": "CartItem object (26)", "action_flag": 3, "change_message": ""}}, {"model": "admin.logentry", "pk": 62, "fields": {"action_time": "2020-04-10T19:11:51.156Z", "user": 1, "content_type": 11, "object_id": "25", "object_repr": "CartItem object (25)", "action_flag": 3, "change_message": ""}}, {"model": "admin.logentry", "pk": 63, "fields": {"action_time": "2020-04-10T19:11:51.291Z", "user": 1, "content_type": 11, "object_id": "24", "object_repr": "CartItem object (24)", "action_flag": 3, "change_message": ""}}, {"model": "admin.logentry", "pk": 64, "fields": {"action_time": "2020-04-10T19:11:51.434Z", "user": 1, "content_type": 11, "object_id": "23", "object_repr": "CartItem object (23)", "action_flag": 3, "change_message": ""}}, {"model": "admin.logentry", "pk": 65, "fields": {"action_time": "2020-04-10T19:11:51.550Z", "user": 1, "content_type": 11, "object_id": "22", "object_repr": "CartItem object (22)", "action_flag": 3, "change_message": ""}}, {"model": "admin.logentry", "pk": 66, "fields": {"action_time": "2020-04-10T19:11:51.704Z", "user": 1, "content_type": 11, "object_id": "21", "object_repr": "CartItem object (21)", "action_flag": 3, "change_message": ""}}, {"model": "admin.logentry", "pk": 67, "fields": {"action_time": "2020-04-10T19:11:51.840Z", "user": 1, "content_type": 11, "object_id": "20", "object_repr": "CartItem object (20)", "action_flag": 3, "change_message": ""}}, {"model": "admin.logentry", "pk": 68, "fields": {"action_time": "2020-04-10T19:11:51.991Z", "user": 1, "content_type": 11, "object_id": "19", "object_repr": "CartItem object (19)", "action_flag": 3, "change_message": ""}}, {"model": "admin.logentry", "pk": 69, "fields": {"action_time": "2020-04-10T19:11:52.126Z", "user": 1, "content_type": 11, "object_id": "18", "object_repr": "CartItem object (18)", "action_flag": 3, "change_message": ""}}, {"model": "admin.logentry", "pk": 70, "fields": {"action_time": "2020-04-10T19:11:52.292Z", "user": 1, "content_type": 11, "object_id": "17", "object_repr": "CartItem object (17)", "action_flag": 3, "change_message": ""}}, {"model": "admin.logentry", "pk": 71, "fields": {"action_time": "2020-04-10T19:11:52.446Z", "user": 1, "content_type": 11, "object_id": "16", "object_repr": "CartItem object (16)", "action_flag": 3, "change_message": ""}}, {"model": "admin.logentry", "pk": 72, "fields": {"action_time": "2020-04-10T19:11:52.571Z", "user": 1, "content_type": 11, "object_id": "15", "object_repr": "CartItem object (15)", "action_flag": 3, "change_message": ""}}, {"model": "admin.logentry", "pk": 73, "fields": {"action_time": "2020-04-10T19:11:52.685Z", "user": 1, "content_type": 11, "object_id": "14", "object_repr": "CartItem object (14)", "action_flag": 3, "change_message": ""}}, {"model": "admin.logentry", "pk": 74, "fields": {"action_time": "2020-04-10T19:11:52.799Z", "user": 1, "content_type": 11, "object_id": "13", "object_repr": "CartItem object (13)", "action_flag": 3, "change_message": ""}}, {"model": "admin.logentry", "pk": 75, "fields": {"action_time": "2020-04-10T19:11:52.920Z", "user": 1, "content_type": 11, "object_id": "12", "object_repr": "CartItem object (12)", "action_flag": 3, "change_message": ""}}, {"model": "admin.logentry", "pk": 76, "fields": {"action_time": "2020-04-10T19:11:53.044Z", "user": 1, "content_type": 11, "object_id": "11", "object_repr": "CartItem object (11)", "action_flag": 3, "change_message": ""}}, {"model": "admin.logentry", "pk": 77, "fields": {"action_time": "2020-04-10T19:11:53.165Z", "user": 1, "content_type": 11, "object_id": "10", "object_repr": "CartItem object (10)", "action_flag": 3, "change_message": ""}}, {"model": "admin.logentry", "pk": 78, "fields": {"action_time": "2020-04-10T19:11:53.290Z", "user": 1, "content_type": 11, "object_id": "9", "object_repr": "CartItem object (9)", "action_flag": 3, "change_message": ""}}, {"model": "admin.logentry", "pk": 79, "fields": {"action_time": "2020-04-10T19:11:53.412Z", "user": 1, "content_type": 11, "object_id": "8", "object_repr": "CartItem object (8)", "action_flag": 3, "change_message": ""}}, {"model": "admin.logentry", "pk": 80, "fields": {"action_time": "2020-04-10T19:11:53.532Z", "user": 1, "content_type": 11, "object_id": "7", "object_repr": "CartItem object (7)", "action_flag": 3, "change_message": ""}}, {"model": "admin.logentry", "pk": 81, "fields": {"action_time": "2020-04-10T19:11:53.666Z", "user": 1, "content_type": 11, "object_id": "6", "object_repr": "CartItem object (6)", "action_flag": 3, "change_message": ""}}, {"model": "admin.logentry", "pk": 82, "fields": {"action_time": "2020-04-10T19:11:53.792Z", "user": 1, "content_type": 11, "object_id": "5", "object_repr": "CartItem object (5)", "action_flag": 3, "change_message": ""}}, {"model": "admin.logentry", "pk": 83, "fields": {"action_time": "2020-04-10T19:12:09.335Z", "user": 1, "content_type": 11, "object_id": "30", "object_repr": "CartItem object (30)", "action_flag": 3, "change_message": ""}}, {"model": "admin.logentry", "pk": 84, "fields": {"action_time": "2020-04-10T19:12:09.525Z", "user": 1, "content_type": 11, "object_id": "4", "object_repr": "CartItem object (4)", "action_flag": 3, "change_message": ""}}, {"model": "admin.logentry", "pk": 85, "fields": {"action_time": "2020-04-10T19:12:09.649Z", "user": 1, "content_type": 11, "object_id": "3", "object_repr": "CartItem object (3)", "action_flag": 3, "change_message": ""}}, {"model": "admin.logentry", "pk": 86, "fields": {"action_time": "2020-04-10T19:12:09.768Z", "user": 1, "content_type": 11, "object_id": "2", "object_repr": "CartItem object (2)", "action_flag": 3, "change_message": ""}}, {"model": "admin.logentry", "pk": 87, "fields": {"action_time": "2020-04-10T19:12:09.892Z", "user": 1, "content_type": 11, "object_id": "1", "object_repr": "CartItem object (1)", "action_flag": 3, "change_message": ""}}, {"model": "admin.logentry", "pk": 88, "fields": {"action_time": "2020-04-10T19:12:26.379Z", "user": 1, "content_type": 13, "object_id": "4", "object_repr": "Order object (4)", "action_flag": 3, "change_message": ""}}, {"model": "admin.logentry", "pk": 89, "fields": {"action_time": "2020-04-10T19:12:26.548Z", "user": 1, "content_type": 13, "object_id": "3", "object_repr": "Order object (3)", "action_flag": 3, "change_message": ""}}, {"model": "admin.logentry", "pk": 90, "fields": {"action_time": "2020-04-10T19:12:26.749Z", "user": 1, "content_type": 13, "object_id": "2", "object_repr": "Order object (2)", "action_flag": 3, "change_message": ""}}, {"model": "admin.logentry", "pk": 91, "fields": {"action_time": "2020-04-10T19:12:26.906Z", "user": 1, "content_type": 13, "object_id": "1", "object_repr": "Order object (1)", "action_flag": 3, "change_message": ""}}, {"model": "admin.logentry", "pk": 92, "fields": {"action_time": "2020-04-10T19:14:26.703Z", "user": 1, "content_type": 7, "object_id": "3", "object_repr": "phukq11hx2uubvuof4sp9a4vhkqcqy93", "action_flag": 3, "change_message": ""}}, {"model": "admin.logentry", "pk": 93, "fields": {"action_time": "2020-04-10T19:14:26.858Z", "user": 1, "content_type": 7, "object_id": "2", "object_repr": "u1iyi5vpboxjo5dus0z4t7pxzq77s2jp", "action_flag": 3, "change_message": ""}}, {"model": "admin.logentry", "pk": 94, "fields": {"action_time": "2020-04-10T19:14:26.980Z", "user": 1, "content_type": 7, "object_id": "1", "object_repr": "eonoaimugg8vso9jbyg11hifsmu8e8j6", "action_flag": 3, "change_message": ""}}, {"model": "admin.logentry", "pk": 95, "fields": {"action_time": "2020-04-10T19:14:27.102Z", "user": 1, "content_type": 7, "object_id": "13", "object_repr": "bk1agiv7w3427dwx3gdu6n5hby3p5pdc", "action_flag": 3, "change_message": ""}}, {"model": "admin.logentry", "pk": 96, "fields": {"action_time": "2020-04-10T19:14:27.224Z", "user": 1, "content_type": 7, "object_id": "12", "object_repr": "3vmdh378b1xiebrub0h4jxltuobrw9pz", "action_flag": 3, "change_message": ""}}, {"model": "admin.logentry", "pk": 97, "fields": {"action_time": "2020-04-10T19:14:27.330Z", "user": 1, "content_type": 7, "object_id": "11", "object_repr": "yw4wm5fr9rnlgmbf1ohin7i3vd7ja8xv", "action_flag": 3, "change_message": ""}}, {"model": "admin.logentry", "pk": 98, "fields": {"action_time": "2020-04-10T19:14:27.492Z", "user": 1, "content_type": 7, "object_id": "10", "object_repr": "jditjesknvuocxatlchmbgcntxgq8dhl", "action_flag": 3, "change_message": ""}}, {"model": "admin.logentry", "pk": 99, "fields": {"action_time": "2020-04-10T19:14:27.620Z", "user": 1, "content_type": 7, "object_id": "9", "object_repr": "zb367y45wyqgeb7v2s9up6wdw8oqctdm", "action_flag": 3, "change_message": ""}}, {"model": "admin.logentry", "pk": 100, "fields": {"action_time": "2020-04-10T19:14:27.744Z", "user": 1, "content_type": 7, "object_id": "8", "object_repr": "uhslucgwvhmzki1ok7dw1wmke2esxg72", "action_flag": 3, "change_message": ""}}, {"model": "admin.logentry", "pk": 101, "fields": {"action_time": "2020-04-10T19:14:27.867Z", "user": 1, "content_type": 7, "object_id": "7", "object_repr": "agxhgm57gxys6r4vmtrsndh9waodrftb", "action_flag": 3, "change_message": ""}}, {"model": "admin.logentry", "pk": 102, "fields": {"action_time": "2020-04-10T19:14:27.989Z", "user": 1, "content_type": 7, "object_id": "6", "object_repr": "15e5xdsuvp5d89u7wfvvm7zk9ojluzqa", "action_flag": 3, "change_message": ""}}, {"model": "admin.logentry", "pk": 103, "fields": {"action_time": "2020-04-10T19:14:28.112Z", "user": 1, "content_type": 7, "object_id": "5", "object_repr": "b2nkpano6sxayte11apoykt1crdfxiuo", "action_flag": 3, "change_message": ""}}, {"model": "admin.logentry", "pk": 104, "fields": {"action_time": "2020-04-10T19:14:28.256Z", "user": 1, "content_type": 7, "object_id": "4", "object_repr": "m1q0ij17kxg6big7061e2xcqys0g36ii", "action_flag": 3, "change_message": ""}}, {"model": "admin.logentry", "pk": 105, "fields": {"action_time": "2020-04-10T19:14:28.428Z", "user": 1, "content_type": 7, "object_id": "19", "object_repr": "6ce7c68aqbpzcwa5z3axjwlcxqftvnyc", "action_flag": 3, "change_message": ""}}, {"model": "admin.logentry", "pk": 106, "fields": {"action_time": "2020-04-10T19:14:28.552Z", "user": 1, "content_type": 7, "object_id": "18", "object_repr": "g7nd44cn2zqf2vgfcmuvn4iuncvmyt8c", "action_flag": 3, "change_message": ""}}, {"model": "admin.logentry", "pk": 107, "fields": {"action_time": "2020-04-10T19:14:28.671Z", "user": 1, "content_type": 7, "object_id": "17", "object_repr": "v67sst3pp1c756lyh5mkcae79dappl6g", "action_flag": 3, "change_message": ""}}, {"model": "admin.logentry", "pk": 108, "fields": {"action_time": "2020-04-10T19:14:28.784Z", "user": 1, "content_type": 7, "object_id": "16", "object_repr": "8vjycyj0uin9ntjjcss4hhy5st8epbbd", "action_flag": 3, "change_message": ""}}, {"model": "admin.logentry", "pk": 109, "fields": {"action_time": "2020-04-10T19:14:28.919Z", "user": 1, "content_type": 7, "object_id": "15", "object_repr": "wacc4k9es8se6pdf3zx7zsmombt742u9", "action_flag": 3, "change_message": ""}}, {"model": "admin.logentry", "pk": 110, "fields": {"action_time": "2020-04-10T19:14:29.042Z", "user": 1, "content_type": 7, "object_id": "14", "object_repr": "zynppigca0lf0i56w7dljn8tkuwnimjm", "action_flag": 3, "change_message": ""}}, {"model": "admin.logentry", "pk": 111, "fields": {"action_time": "2020-04-10T19:14:29.182Z", "user": 1, "content_type": 7, "object_id": "20", "object_repr": "4813gwes76nqktukeg6jjro7wyq35ywz", "action_flag": 3, "change_message": ""}}, {"model": "admin.logentry", "pk": 112, "fields": {"action_time": "2020-04-10T19:14:29.306Z", "user": 1, "content_type": 7, "object_id": "21", "object_repr": "6i3ztmsjo91uvrrc7ljuwgf7nigwxihk", "action_flag": 3, "change_message": ""}}, {"model": "admin.logentry", "pk": 113, "fields": {"action_time": "2020-04-10T19:14:29.430Z", "user": 1, "content_type": 7, "object_id": "23", "object_repr": "afoggw3pawecr3ub1df1rqdhwnzkl9g7", "action_flag": 3, "change_message": ""}}, {"model": "admin.logentry", "pk": 114, "fields": {"action_time": "2020-04-10T19:14:29.555Z", "user": 1, "content_type": 7, "object_id": "22", "object_repr": "pfffcdk3e246tpg7t1o7glxyzmwoomox", "action_flag": 3, "change_message": ""}}, {"model": "admin.logentry", "pk": 115, "fields": {"action_time": "2020-04-10T19:14:49.655Z", "user": 1, "content_type": 13, "object_id": "5", "object_repr": "Order object (5)", "action_flag": 3, "change_message": ""}}, {"model": "admin.logentry", "pk": 116, "fields": {"action_time": "2020-04-10T22:40:15.825Z", "user": 1, "content_type": 14, "object_id": "3", "object_repr": "Cable micro/USB", "action_flag": 2, "change_message": "[{\"changed\": {\"fields\": [\"Slug\"]}}]"}}, {"model": "admin.logentry", "pk": 117, "fields": {"action_time": "2020-04-10T22:40:28.496Z", "user": 1, "content_type": 14, "object_id": "2", "object_repr": "MicroSD 8GB", "action_flag": 2, "change_message": "[{\"changed\": {\"fields\": [\"Slug\"]}}]"}}, {"model": "admin.logentry", "pk": 118, "fields": {"action_time": "2020-04-10T22:41:07.692Z", "user": 1, "content_type": 14, "object_id": "1", "object_repr": "\u041d\u0430\u0443\u0448\u043d\u0438\u043a\u0438", "action_flag": 2, "change_message": "[{\"changed\": {\"fields\": [\"Slug\"]}}]"}}, {"model": "admin.logentry", "pk": 119, "fields": {"action_time": "2020-04-21T22:03:58.284Z", "user": 11, "content_type": 4, "object_id": "1", "object_repr": "NetMaster", "action_flag": 2, "change_message": "[{\"changed\": {\"fields\": [\"password\"]}}]"}}, {"model": "admin.logentry", "pk": 120, "fields": {"action_time": "2020-05-24T00:40:33.119Z", "user": 1, "content_type": 11, "object_id": "46", "object_repr": "2", "action_flag": 2, "change_message": "[{\"changed\": {\"fields\": [\"Image\"]}}]"}}, {"model": "admin.logentry", "pk": 121, "fields": {"action_time": "2020-05-24T00:41:22.446Z", "user": 1, "content_type": 11, "object_id": "62", "object_repr": "MicroSD 8GB", "action_flag": 2, "change_message": "[{\"changed\": {\"fields\": [\"Image\"]}}]"}}, {"model": "admin.logentry", "pk": 122, "fields": {"action_time": "2020-05-24T11:56:38.715Z", "user": 1, "content_type": 11, "object_id": "72", "object_repr": "MicroSD 8GB", "action_flag": 3, "change_message": ""}}, {"model": "admin.logentry", "pk": 123, "fields": {"action_time": "2020-05-24T11:56:38.894Z", "user": 1, "content_type": 11, "object_id": "71", "object_repr": "Vivo Move Sport", "action_flag": 3, "change_message": ""}}, {"model": "admin.logentry", "pk": 124, "fields": {"action_time": "2020-05-24T11:56:39.049Z", "user": 1, "content_type": 11, "object_id": "70", "object_repr": "Honor 7A", "action_flag": 3, "change_message": ""}}, {"model": "admin.logentry", "pk": 125, "fields": {"action_time": "2020-05-24T11:56:39.207Z", "user": 1, "content_type": 11, "object_id": "69", "object_repr": "Cable micro/USB", "action_flag": 3, "change_message": ""}}, {"model": "admin.logentry", "pk": 126, "fields": {"action_time": "2020-05-24T11:56:39.347Z", "user": 1, "content_type": 11, "object_id": "68", "object_repr": "Honor 8A", "action_flag": 3, "change_message": ""}}, {"model": "admin.logentry", "pk": 127, "fields": {"action_time": "2020-05-24T11:56:39.516Z", "user": 1, "content_type": 11, "object_id": "67", "object_repr": "Vivo Move Sport", "action_flag": 3, "change_message": ""}}, {"model": "admin.logentry", "pk": 128, "fields": {"action_time": "2020-05-24T11:56:39.655Z", "user": 1, "content_type": 11, "object_id": "66", "object_repr": "MicroSD 8GB", "action_flag": 3, "change_message": ""}}, {"model": "admin.logentry", "pk": 129, "fields": {"action_time": "2020-05-24T11:56:39.778Z", "user": 1, "content_type": 11, "object_id": "65", "object_repr": "MicroSD 8GB", "action_flag": 3, "change_message": ""}}, {"model": "admin.logentry", "pk": 130, "fields": {"action_time": "2020-05-24T11:56:39.913Z", "user": 1, "content_type": 11, "object_id": "64", "object_repr": "Honor 7A", "action_flag": 3, "change_message": ""}}, {"model": "admin.logentry", "pk": 131, "fields": {"action_time": "2020-05-24T11:56:40.058Z", "user": 1, "content_type": 11, "object_id": "63", "object_repr": "Honor 8A", "action_flag": 3, "change_message": ""}}, {"model": "admin.logentry", "pk": 132, "fields": {"action_time": "2020-05-24T11:56:40.242Z", "user": 1, "content_type": 11, "object_id": "62", "object_repr": "MicroSD 8GB", "action_flag": 3, "change_message": ""}}, {"model": "admin.logentry", "pk": 133, "fields": {"action_time": "2020-05-24T11:56:40.370Z", "user": 1, "content_type": 11, "object_id": "61", "object_repr": "MicroSD 8GB", "action_flag": 3, "change_message": ""}}, {"model": "admin.logentry", "pk": 134, "fields": {"action_time": "2020-05-24T11:56:40.509Z", "user": 1, "content_type": 11, "object_id": "60", "object_repr": "Honor 7A", "action_flag": 3, "change_message": ""}}, {"model": "admin.logentry", "pk": 135, "fields": {"action_time": "2020-05-24T11:56:40.645Z", "user": 1, "content_type": 11, "object_id": "59", "object_repr": "MicroSD 8GB", "action_flag": 3, "change_message": ""}}, {"model": "admin.logentry", "pk": 136, "fields": {"action_time": "2020-05-24T11:56:40.838Z", "user": 1, "content_type": 11, "object_id": "58", "object_repr": "Honor 7A", "action_flag": 3, "change_message": ""}}, {"model": "admin.logentry", "pk": 137, "fields": {"action_time": "2020-05-24T11:56:41.063Z", "user": 1, "content_type": 11, "object_id": "57", "object_repr": "Honor 7A", "action_flag": 3, "change_message": ""}}, {"model": "admin.logentry", "pk": 138, "fields": {"action_time": "2020-05-24T11:56:41.187Z", "user": 1, "content_type": 11, "object_id": "56", "object_repr": "Honor 7A", "action_flag": 3, "change_message": ""}}, {"model": "admin.logentry", "pk": 139, "fields": {"action_time": "2020-05-24T11:56:41.350Z", "user": 1, "content_type": 11, "object_id": "55", "object_repr": "Vivo Move Sport", "action_flag": 3, "change_message": ""}}, {"model": "admin.logentry", "pk": 140, "fields": {"action_time": "2020-05-24T11:56:41.488Z", "user": 1, "content_type": 11, "object_id": "54", "object_repr": "\u041d\u0430\u0443\u0448\u043d\u0438\u043a\u0438", "action_flag": 3, "change_message": ""}}, {"model": "admin.logentry", "pk": 141, "fields": {"action_time": "2020-05-24T11:56:41.678Z", "user": 1, "content_type": 11, "object_id": "53", "object_repr": "Vivo Move Sport", "action_flag": 3, "change_message": ""}}, {"model": "admin.logentry", "pk": 142, "fields": {"action_time": "2020-05-24T11:56:41.840Z", "user": 1, "content_type": 11, "object_id": "52", "object_repr": "Honor 8A", "action_flag": 3, "change_message": ""}}, {"model": "admin.logentry", "pk": 143, "fields": {"action_time": "2020-05-24T11:56:41.984Z", "user": 1, "content_type": 11, "object_id": "51", "object_repr": "MicroSD 8GB", "action_flag": 3, "change_message": ""}}, {"model": "admin.logentry", "pk": 144, "fields": {"action_time": "2020-05-24T11:56:42.119Z", "user": 1, "content_type": 11, "object_id": "50", "object_repr": "Honor 7A", "action_flag": 3, "change_message": ""}}, {"model": "admin.logentry", "pk": 145, "fields": {"action_time": "2020-05-24T11:56:42.255Z", "user": 1, "content_type": 11, "object_id": "49", "object_repr": "1", "action_flag": 3, "change_message": ""}}, {"model": "admin.logentry", "pk": 146, "fields": {"action_time": "2020-05-24T11:56:42.380Z", "user": 1, "content_type": 11, "object_id": "48", "object_repr": "1", "action_flag": 3, "change_message": ""}}, {"model": "admin.logentry", "pk": 147, "fields": {"action_time": "2020-05-24T11:56:49.508Z", "user": 1, "content_type": 11, "object_id": "47", "object_repr": "3", "action_flag": 3, "change_message": ""}}, {"model": "admin.logentry", "pk": 148, "fields": {"action_time": "2020-05-24T11:56:49.715Z", "user": 1, "content_type": 11, "object_id": "46", "object_repr": "2", "action_flag": 3, "change_message": ""}}, {"model": "admin.logentry", "pk": 149, "fields": {"action_time": "2020-05-24T11:56:49.865Z", "user": 1, "content_type": 11, "object_id": "45", "object_repr": "2", "action_flag": 3, "change_message": ""}}, {"model": "admin.logentry", "pk": 150, "fields": {"action_time": "2020-05-24T11:56:50.007Z", "user": 1, "content_type": 11, "object_id": "44", "object_repr": "2", "action_flag": 3, "change_message": ""}}, {"model": "admin.logentry", "pk": 151, "fields": {"action_time": "2020-05-24T11:56:50.140Z", "user": 1, "content_type": 11, "object_id": "43", "object_repr": "1", "action_flag": 3, "change_message": ""}}, {"model": "admin.logentry", "pk": 152, "fields": {"action_time": "2020-05-24T11:56:50.291Z", "user": 1, "content_type": 11, "object_id": "42", "object_repr": "2", "action_flag": 3, "change_message": ""}}, {"model": "admin.logentry", "pk": 153, "fields": {"action_time": "2020-05-24T11:56:50.420Z", "user": 1, "content_type": 11, "object_id": "41", "object_repr": "2", "action_flag": 3, "change_message": ""}}, {"model": "admin.logentry", "pk": 154, "fields": {"action_time": "2020-05-24T11:56:50.560Z", "user": 1, "content_type": 11, "object_id": "40", "object_repr": "3", "action_flag": 3, "change_message": ""}}, {"model": "admin.logentry", "pk": 155, "fields": {"action_time": "2020-05-24T11:56:50.707Z", "user": 1, "content_type": 11, "object_id": "39", "object_repr": "2", "action_flag": 3, "change_message": ""}}, {"model": "admin.logentry", "pk": 156, "fields": {"action_time": "2020-05-24T11:56:50.882Z", "user": 1, "content_type": 11, "object_id": "38", "object_repr": "3", "action_flag": 3, "change_message": ""}}, {"model": "admin.logentry", "pk": 157, "fields": {"action_time": "2020-05-24T11:56:51.036Z", "user": 1, "content_type": 11, "object_id": "37", "object_repr": "3", "action_flag": 3, "change_message": ""}}, {"model": "admin.logentry", "pk": 158, "fields": {"action_time": "2020-05-24T11:56:51.184Z", "user": 1, "content_type": 11, "object_id": "36", "object_repr": "3", "action_flag": 3, "change_message": ""}}, {"model": "admin.logentry", "pk": 159, "fields": {"action_time": "2020-05-24T11:56:51.314Z", "user": 1, "content_type": 11, "object_id": "35", "object_repr": "2", "action_flag": 3, "change_message": ""}}, {"model": "admin.logentry", "pk": 160, "fields": {"action_time": "2020-05-24T11:56:51.444Z", "user": 1, "content_type": 11, "object_id": "34", "object_repr": "1", "action_flag": 3, "change_message": ""}}, {"model": "admin.logentry", "pk": 161, "fields": {"action_time": "2020-05-24T11:56:51.579Z", "user": 1, "content_type": 11, "object_id": "33", "object_repr": "3", "action_flag": 3, "change_message": ""}}, {"model": "admin.logentry", "pk": 162, "fields": {"action_time": "2020-05-24T11:56:51.827Z", "user": 1, "content_type": 11, "object_id": "32", "object_repr": "2", "action_flag": 3, "change_message": ""}}, {"model": "admin.logentry", "pk": 163, "fields": {"action_time": "2020-05-24T12:29:02.412Z", "user": 1, "content_type": 11, "object_id": "75", "object_repr": "Honor 7A", "action_flag": 3, "change_message": ""}}, {"model": "admin.logentry", "pk": 164, "fields": {"action_time": "2020-05-24T12:29:02.563Z", "user": 1, "content_type": 11, "object_id": "74", "object_repr": "MicroSD 8GB", "action_flag": 3, "change_message": ""}}, {"model": "admin.logentry", "pk": 165, "fields": {"action_time": "2020-05-24T12:29:02.687Z", "user": 1, "content_type": 11, "object_id": "73", "object_repr": "Vivo Move Sport", "action_flag": 3, "change_message": ""}}, {"model": "admin.logentry", "pk": 166, "fields": {"action_time": "2020-06-03T18:44:07.574Z", "user": 1, "content_type": 13, "object_id": "15", "object_repr": "Order object (15)", "action_flag": 2, "change_message": "[{\"changed\": {\"fields\": [\"First name\", \"Last name\"]}}]"}}]